"Analysis","Pipeline version","Sample","MGnify ID","Experiment type","Assembly","ENA run","ENA WGS sequence set"
"MGYA00083471","3.0","ERS1372610","MGYS00001282","metagenomic",,"ERR1664714",
"MGYA00126380","3.0","SRS085685","MGYS00000355","metagenomic",,"SRR062158",
"MGYA00133872","3.0","ERS489113","MGYS00001918","metagenomic",,"ERR594403",
"MGYA00104104","3.0","ERS614333","MGYS00001609","metagenomic",,"ERR694183",
"MGYA00083337","3.0","ERS1370015","MGYS00001282","metagenomic",,"ERR1662424",
"MGYA00126361","3.0","SRS085762","MGYS00000355","metagenomic",,"SRR062239",
"MGYA00083212","3.0","ERS1370025","MGYS00001282","metagenomic",,"ERR1662318",
"MGYA00100635","3.0","ERS1286109","MGYS00001512","metagenomic",,"ERR1560024",
"MGYA00104198","3.0","ERS614333","MGYS00001609","metagenomic",,"ERR694192",
"MGYA00083108","3.0","ERS1370021","MGYS00001282","metagenomic",,"ERR1662517",
"MGYA00083290","3.0","ERS1370026","MGYS00001282","metagenomic",,"ERR1662336",
"MGYA00083252","3.0","ERS1370021","MGYS00001282","metagenomic",,"ERR1662519",
"MGYA00133921","3.0","ERS489729","MGYS00001918","metagenomic",,"ERR599371",
"MGYA00126388","3.0","SRS085731","MGYS00000355","metagenomic",,"SRR062204",
"MGYA00083215","3.0","ERS1370018","MGYS00001282","metagenomic",,"ERR1662232",
"MGYA00083291","3.0","ERS1372607","MGYS00001282","metagenomic",,"ERR1664701",
"MGYA00083430","3.0","ERS1370014","MGYS00001282","metagenomic",,"ERR1662413",
"MGYA00126363","3.0","SRS085743","MGYS00000355","metagenomic",,"SRR062217",
"MGYA00131528","3.0","SRS172668","MGYS00001836","metagenomic",,"SRR100497",
"MGYA00083376","3.0","ERS1370015","MGYS00001282","metagenomic",,"ERR1662429",
"MGYA00133885","3.0","ERS492941","MGYS00001918","metagenomic",,"ERR599338",
"MGYA00134800","3.0","SRS981318","MGYS00001932","metagenomic",,"SRR2090075",
"MGYA00083370","3.0","ERS1370026","MGYS00001282","metagenomic",,"ERR1662341",
"MGYA00083102","3.0","ERS1372607","MGYS00001282","metagenomic",,"ERR1664703",
"MGYA00103315","3.0","ERS1176154","MGYS00000991","metagenomic",,"ERR1424906",
"MGYA00103988","3.0","ERS714917","MGYS00001608","metagenomic",,"ERR868031",
"MGYA00103350","3.0","ERS1569003","MGYS00000991","metagenomic",,"ERR1855260",
"MGYA00083380","3.0","ERS1370016","MGYS00001282","metagenomic",,"ERR1662456",
"MGYA00102599","3.0","SRS1043978","MGYS00001539","metagenomic",,"SRR2135759",
"MGYA00126413","3.0","SRS085749","MGYS00000355","metagenomic",,"SRR062224",
"MGYA00103319","3.0","ERS1176153","MGYS00000991","metagenomic",,"ERR1424905",
"MGYA00103316","3.0","ERS1569007","MGYS00000991","metagenomic",,"ERR1855255",
"MGYA00083205","3.0","ERS1370021","MGYS00001282","metagenomic",,"ERR1662516",
"MGYA00103329","3.0","ERS1176150","MGYS00000991","metagenomic",,"ERR1424902",
"MGYA00133865","3.0","ERS491123","MGYS00001918","metagenomic",,"ERR599373",
"MGYA00098222","3.0","ERS510182","MGYS00001464","metagenomic",,"ERR567366",
"MGYA00083210","3.0","ERS1370025","MGYS00001282","metagenomic",,"ERR1662316",
"MGYA00083162","3.0","ERS1370014","MGYS00001282","metagenomic",,"ERR1662396",
"MGYA00083474","3.0","ERS1370021","MGYS00001282","metagenomic",,"ERR1662525",
"MGYA00083139","3.0","ERS1370018","MGYS00001282","metagenomic",,"ERR1662218",
"MGYA00133824","3.0","ERS492035","MGYS00001918","metagenomic",,"ERR599349",
"MGYA00083270","3.0","ERS1370026","MGYS00001282","metagenomic",,"ERR1662340",
"MGYA00134762","3.0","SRS981324","MGYS00001932","metagenomic",,"SRR2090069",
"MGYA00083462","3.0","ERS1370027","MGYS00001282","metagenomic",,"ERR1662388",
"MGYA00104107","3.0","ERS614331","MGYS00001609","metagenomic",,"ERR694170",
"MGYA00133828","3.0","ERS488518","MGYS00001918","metagenomic",,"ERR594375",
"MGYA00131527","3.0","SRS172668","MGYS00001836","metagenomic",,"SRR107110",
"MGYA00085841","3.0","ERS1396361","MGYS00001320","metagenomic",,"ERR1739694",
"MGYA00126346","3.0","SRS085704","MGYS00000355","metagenomic",,"SRR062177",
"MGYA00098663","3.0","ERS903620","MGYS00001488","metagenomic",,"ERR1055649",
"MGYA00083414","3.0","ERS1370024","MGYS00001282","metagenomic",,"ERR1662283",
"MGYA00083313","3.0","ERS1370020","MGYS00001282","metagenomic",,"ERR1662470",
"MGYA00126387","3.0","SRS085759","MGYS00000355","metagenomic",,"SRR062236",
"MGYA00104197","3.0","ERS614327","MGYS00001609","metagenomic",,"ERR694123",
"MGYA00133839","3.0","ERS488354","MGYS00001918","metagenomic",,"ERR594352",
"MGYA00126465","3.0","SRS085740","MGYS00000355","metagenomic",,"SRR062214",
"MGYA00083402","3.0","ERS1370023","MGYS00001282","metagenomic",,"ERR1662258",
"MGYA00083417","3.0","ERS1370025","MGYS00001282","metagenomic",,"ERR1662290",
"MGYA00083407","3.0","ERS1370027","MGYS00001282","metagenomic",,"ERR1662374",
"MGYA00102582","3.0","SRS1044035","MGYS00001539","metagenomic",,"SRR2135687",
"MGYA00103982","3.0","ERS714918","MGYS00001608","metagenomic",,"ERR868101",
"MGYA00083495","3.0","ERS1370013","MGYS00001282","metagenomic",,"ERR1662196",
"MGYA00102567","3.0","SRS1043972","MGYS00001539","metagenomic",,"SRR2135774",
"MGYA00133888","3.0","ERS489332","MGYS00001918","metagenomic",,"ERR599344",
"MGYA00134812","3.0","SRS981307","MGYS00001932","metagenomic",,"SRR2090086",
"MGYA00102827","3.0","ERS488919","MGYS00000410","metagenomic",,"ERR1701760",
"MGYA00083325","3.0","ERS1370025","MGYS00001282","metagenomic",,"ERR1662323",
"MGYA00083449","3.0","ERS1370015","MGYS00001282","metagenomic",,"ERR1662439",
"MGYA00133887","3.0","ERS489084","MGYS00001918","metagenomic",,"ERR594373",
"MGYA00103369","3.0","ERS1568993","MGYS00000991","metagenomic",,"ERR1855265",
"MGYA00133899","3.0","ERS491107","MGYS00001918","metagenomic",,"ERR594377",
"MGYA00133832","3.0","ERS488701","MGYS00001918","metagenomic",,"ERR594390",
"MGYA00083303","3.0","ERS1370018","MGYS00001282","metagenomic",,"ERR1662224",
"MGYA00084059","3.0","ERS1418473","MGYS00001291","metagenomic",,"ERR1698983",
"MGYA00133851","3.0","ERS491851","MGYS00001918","metagenomic",,"ERR599342",
"MGYA00083259","3.0","ERS1372604","MGYS00001282","metagenomic",,"ERR1664683",
"MGYA00084047","3.0","ERS1418479","MGYS00001291","metagenomic",,"ERR1698987",
"MGYA00083347","3.0","ERS1372612","MGYS00001282","metagenomic",,"ERR1664729",
"MGYA00104091","3.0","ERS614323","MGYS00001609","metagenomic",,"ERR694212",
"MGYA00103964","3.0","ERS714918","MGYS00001608","metagenomic",,"ERR868097",
"MGYA00103346","3.0","ERS1569002","MGYS00000991","metagenomic",,"ERR1855252",
"MGYA00103949","3.0","ERS714917","MGYS00001608","metagenomic",,"ERR868045",
"MGYA00103340","3.0","ERS1176157","MGYS00000991","metagenomic",,"ERR1424909",
"MGYA00083118","3.0","ERS1370017","MGYS00001282","metagenomic",,"ERR1662207",
"MGYA00083317","3.0","ERS1370026","MGYS00001282","metagenomic",,"ERR1662335",
"MGYA00133927","3.0","ERS490245","MGYS00001918","metagenomic",,"ERR599382",
"MGYA00102570","3.0","SRS1043997","MGYS00001539","metagenomic",,"SRR2135729",
"MGYA00133831","3.0","ERS489084","MGYS00001918","metagenomic",,"ERR594372",
"MGYA00083349","3.0","ERS1370024","MGYS00001282","metagenomic",,"ERR1662286",
"MGYA00133873","3.0","ERS490120","MGYS00001918","metagenomic",,"ERR594414",
"MGYA00133900","3.0","ERS490557","MGYS00001918","metagenomic",,"ERR594354",
"MGYA00100636","3.0","ERS1286204","MGYS00001512","metagenomic",,"ERR1560103",
"MGYA00083420","3.0","ERS1372605","MGYS00001282","metagenomic",,"ERR1664692",
"MGYA00083306","3.0","ERS1370021","MGYS00001282","metagenomic",,"ERR1662508",
"MGYA00103963","3.0","ERS714918","MGYS00001608","metagenomic",,"ERR868103",
"MGYA00103347","3.0","ERS1176151","MGYS00000991","metagenomic",,"ERR1424903",
"MGYA00126336","3.0","SRS085710","MGYS00000355","metagenomic",,"SRR062183",
"MGYA00134788","3.0","SRS981316","MGYS00001932","metagenomic",,"SRR2090077",
"MGYA00126341","3.0","SRS085782","MGYS00000355","metagenomic",,"SRR062261",
"MGYA00126428","3.0","SRS085781","MGYS00000355","metagenomic",,"SRR062259",
"MGYA00103327","3.0","ERS1176158","MGYS00000991","metagenomic",,"ERR1424910",
"MGYA00103334","3.0","ERS1568978","MGYS00000991","metagenomic",,"ERR1855274",
"MGYA00102591","3.0","SRS1043994","MGYS00001539","metagenomic",,"SRR2135732",
"MGYA00104141","3.0","ERS614329","MGYS00001609","metagenomic",,"ERR694139",
"MGYA00096442","3.0","ERS1507288","MGYS00001432","metagenomic",,"ERR1801668",
"MGYA00100651","3.0","ERS1286194","MGYS00001512","metagenomic",,"ERR1560093",
"MGYA00126376","3.0","SRS085668","MGYS00000355","metagenomic",,"SRR062141",
"MGYA00134793","3.0","SRS981327","MGYS00001932","metagenomic",,"SRR2090066",
"MGYA00133912","3.0","ERS492714","MGYS00001918","metagenomic",,"ERR599377",
"MGYA00083366","3.0","ERS1372604","MGYS00001282","metagenomic",,"ERR1664675",
"MGYA00126451","3.0","SRS085753","MGYS00000355","metagenomic",,"SRR062230",
"MGYA00126394","3.0","SRS085741","MGYS00000355","metagenomic",,"SRR062215",
"MGYA00096452","3.0","ERS1507287","MGYS00001432","metagenomic",,"ERR1801635",
"MGYA00083439","3.0","ERS1372604","MGYS00001282","metagenomic",,"ERR1664678",
"MGYA00083231","3.0","ERS1370027","MGYS00001282","metagenomic",,"ERR1662359",
"MGYA00083299","3.0","ERS1372606","MGYS00001282","metagenomic",,"ERR1664694",
"MGYA00104142","3.0","ERS614327","MGYS00001609","metagenomic",,"ERR694114",
"MGYA00103362","3.0","ERS1568966","MGYS00000991","metagenomic",,"ERR1855287",
"MGYA00083381","3.0","ERS1370027","MGYS00001282","metagenomic",,"ERR1662356",
"MGYA00083235","3.0","ERS1370018","MGYS00001282","metagenomic",,"ERR1662209",
"MGYA00083129","3.0","ERS1372605","MGYS00001282","metagenomic",,"ERR1664689",
"MGYA00083455","3.0","ERS1370018","MGYS00001282","metagenomic",,"ERR1662220",
"MGYA00133817","3.0","ERS489943","MGYS00001918","metagenomic",,"ERR594392",
"MGYA00083413","3.0","ERS1370027","MGYS00001282","metagenomic",,"ERR1662363",
"MGYA00133908","3.0","ERS489084","MGYS00001918","metagenomic",,"ERR594366",
"MGYA00103339","3.0","ERS1569004","MGYS00000991","metagenomic",,"ERR1855259",
"MGYA00083504","3.0","ERS1370020","MGYS00001282","metagenomic",,"ERR1662476",
"MGYA00102568","3.0","SRS1043967","MGYS00001539","metagenomic",,"SRR2135741",
"MGYA00083463","3.0","ERS1370025","MGYS00001282","metagenomic",,"ERR1662310",
"MGYA00083451","3.0","ERS1370027","MGYS00001282","metagenomic",,"ERR1662372",
"MGYA00084058","3.0","ERS1418480","MGYS00001291","metagenomic",,"ERR1698988",
"MGYA00083223","3.0","ERS1370024","MGYS00001282","metagenomic",,"ERR1662284",
"MGYA00083433","3.0","ERS1370020","MGYS00001282","metagenomic",,"ERR1662503",
"MGYA00083364","3.0","ERS1370027","MGYS00001282","metagenomic",,"ERR1662375",
"MGYA00083140","3.0","ERS1370016","MGYS00001282","metagenomic",,"ERR1662451",
"MGYA00133835","3.0","ERS493718","MGYS00001918","metagenomic",,"ERR599366",
"MGYA00098224","3.0","ERS510180","MGYS00001464","metagenomic",,"ERR567364",
"MGYA00104089","3.0","ERS614329","MGYS00001609","metagenomic",,"ERR694145",
"MGYA00126354","3.0","SRS085738","MGYS00000355","metagenomic",,"SRR062212",
"MGYA00100646","3.0","ERS1286206","MGYS00001512","metagenomic",,"ERR1560105",
"MGYA00083266","3.0","ERS1370013","MGYS00001282","metagenomic",,"ERR1662194",
"MGYA00083177","3.0","ERS1370015","MGYS00001282","metagenomic",,"ERR1662428",
"MGYA00083483","3.0","ERS1370015","MGYS00001282","metagenomic",,"ERR1662421",
"MGYA00083382","3.0","ERS1370020","MGYS00001282","metagenomic",,"ERR1662502",
"MGYA00133877","3.0","ERS489285","MGYS00001918","metagenomic",,"ERR594376",
"MGYA00134763","3.0","SRS981331","MGYS00001932","metagenomic",,"SRR2090061",
"MGYA00083361","3.0","ERS1370023","MGYS00001282","metagenomic",,"ERR1662262",
"MGYA00098662","3.0","ERS903637","MGYS00001488","metagenomic",,"ERR1055666",
"MGYA00126396","3.0","SRS085750","MGYS00000355","metagenomic",,"SRR062225",
"MGYA00083120","3.0","ERS1370013","MGYS00001282","metagenomic",,"ERR1662182",
"MGYA00096448","3.0","ERS1507288","MGYS00001432","metagenomic",,"ERR1801658",
"MGYA00102607","3.0","SRS1044024","MGYS00001539","metagenomic",,"SRR2135745",
"MGYA00083172","3.0","ERS1370023","MGYS00001282","metagenomic",,"ERR1662263",
"MGYA00134759","3.0","SRS981292","MGYS00001932","metagenomic",,"SRR2090118",
"MGYA00102559","3.0","SRS1043977","MGYS00001539","metagenomic",,"SRR2135761",
"MGYA00104187","3.0","ERS614329","MGYS00001609","metagenomic",,"ERR694135",
"MGYA00126381","3.0","SRS085709","MGYS00000355","metagenomic",,"SRR062182",
"MGYA00126454","3.0","SRS085745","MGYS00000355","metagenomic",,"SRR062219",
"MGYA00126364","3.0","SRS085669","MGYS00000355","metagenomic",,"SRR062142",
"MGYA00102556","3.0","SRS1043976","MGYS00001539","metagenomic",,"SRR2135762",
"MGYA00102618","3.0","SRS1044025","MGYS00001539","metagenomic",,"SRR2135744",
"MGYA00133906","3.0","ERS492903","MGYS00001918","metagenomic",,"ERR599337",
"MGYA00133925","3.0","ERS489552","MGYS00001918","metagenomic",,"ERR599358",
"MGYA00098659","3.0","ERS903638","MGYS00001488","metagenomic",,"ERR1055667",
"MGYA00126360","3.0","SRS085744","MGYS00000355","metagenomic",,"SRR062218",
"MGYA00083098","3.0","ERS1370025","MGYS00001282","metagenomic",,"ERR1662319",
"MGYA00083322","3.0","ERS1370025","MGYS00001282","metagenomic",,"ERR1662302",
"MGYA00104185","3.0","ERS614331","MGYS00001609","metagenomic",,"ERR694169",
"MGYA00102578","3.0","SRS1043991","MGYS00001539","metagenomic",,"SRR2135736",
"MGYA00083209","3.0","ERS1370023","MGYS00001282","metagenomic",,"ERR1662259",
"MGYA00104193","3.0","ERS614331","MGYS00001609","metagenomic",,"ERR694163",
"MGYA00083401","3.0","ERS1370027","MGYS00001282","metagenomic",,"ERR1662377",
"MGYA00126434","3.0","SRS085768","MGYS00000355","metagenomic",,"SRR063771",
"MGYA00083293","3.0","ERS1372612","MGYS00001282","metagenomic",,"ERR1664728",
"MGYA00083264","3.0","ERS1370014","MGYS00001282","metagenomic",,"ERR1662403",
"MGYA00083257","3.0","ERS1370020","MGYS00001282","metagenomic",,"ERR1662475",
"MGYA00102603","3.0","SRS1044012","MGYS00001539","metagenomic",,"SRR2135683",
"MGYA00083238","3.0","ERS1370021","MGYS00001282","metagenomic",,"ERR1662527",
"MGYA00133879","3.0","ERS490494","MGYS00001918","metagenomic",,"ERR594379",
"MGYA00134803","3.0","SRS981334","MGYS00001932","metagenomic",,"SRR2090058",
"MGYA00126450","3.0","SRS085675","MGYS00000355","metagenomic",,"SRR062148",
"MGYA00126417","3.0","SRS085755","MGYS00000355","metagenomic",,"SRR062232",
"MGYA00126429","3.0","SRS085680","MGYS00000355","metagenomic",,"SRR062153",
"MGYA00083178","3.0","ERS1370023","MGYS00001282","metagenomic",,"ERR1662260",
"MGYA00083494","3.0","ERS1370016","MGYS00001282","metagenomic",,"ERR1662453",
"MGYA00134049","3.0","ERS1573122","MGYS00001926","metagenomic",,"ERR2021505",
"MGYA00103980","3.0","ERS714918","MGYS00001608","metagenomic",,"ERR868109",
"MGYA00083390","3.0","ERS1372607","MGYS00001282","metagenomic",,"ERR1664706",
"MGYA00083201","3.0","ERS1370020","MGYS00001282","metagenomic",,"ERR1662486",
"MGYA00103366","3.0","ERS1568971","MGYS00000991","metagenomic",,"ERR1855278",
"MGYA00098655","3.0","ERS903627","MGYS00001488","metagenomic",,"ERR1055656",
"MGYA00126466","3.0","SRS085799","MGYS00000355","metagenomic",,"SRR062625",
"MGYA00103312","3.0","ERS1569006","MGYS00000991","metagenomic",,"ERR1855257",
"MGYA00083110","3.0","ERS1370021","MGYS00001282","metagenomic",,"ERR1662504",
"MGYA00083131","3.0","ERS1370016","MGYS00001282","metagenomic",,"ERR1662448",
"MGYA00083114","3.0","ERS1370026","MGYS00001282","metagenomic",,"ERR1662337",
"MGYA00103324","3.0","ERS1568998","MGYS00000991","metagenomic",,"ERR1855264",
"MGYA00102579","3.0","SRS1044029","MGYS00001539","metagenomic",,"SRR2135720",
"MGYA00134826","3.0","SRS981332","MGYS00001932","metagenomic",,"SRR2090060",
"MGYA00083359","3.0","ERS1370021","MGYS00001282","metagenomic",,"ERR1662506",
"MGYA00126390","3.0","SRS085707","MGYS00000355","metagenomic",,"SRR062180",
"MGYA00083192","3.0","ERS1370015","MGYS00001282","metagenomic",,"ERR1662437",
"MGYA00133923","3.0","ERS488892","MGYS00001918","metagenomic",,"ERR594365",
"MGYA00102562","3.0","SRS1044005","MGYS00001539","metagenomic",,"SRR2135715",
"MGYA00126365","3.0","SRS085712","MGYS00000355","metagenomic",,"SRR062185",
"MGYA00098668","3.0","ERS903624","MGYS00001488","metagenomic",,"ERR1055653",
"MGYA00126334","3.0","SRS085651","MGYS00000355","metagenomic",,"SRR061742",
"MGYA00083103","3.0","ERS1370027","MGYS00001282","metagenomic",,"ERR1662382",
"MGYA00126356","3.0","SRS085761","MGYS00000355","metagenomic",,"SRR062238",
"MGYA00126384","3.0","SRS085774","MGYS00000355","metagenomic",,"SRR062251",
"MGYA00104119","3.0","ERS614333","MGYS00001609","metagenomic",,"ERR694186",
"MGYA00133846","3.0","ERS492877","MGYS00001918","metagenomic",,"ERR599367",
"MGYA00126468","3.0","SRS085780","MGYS00000355","metagenomic",,"SRR062257",
"MGYA00102575","3.0","SRS1043988","MGYS00001539","metagenomic",,"SRR2135747",
"MGYA00083203","3.0","ERS1372606","MGYS00001282","metagenomic",,"ERR1664698",
"MGYA00084055","3.0","ERS1418488","MGYS00001291","metagenomic",,"ERR1698994",
"MGYA00083200","3.0","ERS1370013","MGYS00001282","metagenomic",,"ERR1662191",
"MGYA00103957","3.0","ERS714917","MGYS00001608","metagenomic",,"ERR868049",
"MGYA00096453","3.0","ERS1507288","MGYS00001432","metagenomic",,"ERR1801666",
"MGYA00096483","3.0","ERS1507287","MGYS00001432","metagenomic",,"ERR1801633",
"MGYA00083434","3.0","ERS1370017","MGYS00001282","metagenomic",,"ERR1662200",
"MGYA00100649","3.0","ERS1286198","MGYS00001512","metagenomic",,"ERR1560097",
"MGYA00084051","3.0","ERS1418482","MGYS00001291","metagenomic",,"ERR1698990",
"MGYA00083426","3.0","ERS1370021","MGYS00001282","metagenomic",,"ERR1662522",
"MGYA00083156","3.0","ERS1372607","MGYS00001282","metagenomic",,"ERR1664705",
"MGYA00103959","3.0","ERS714918","MGYS00001608","metagenomic",,"ERR868098",
"MGYA00126379","3.0","SRS085670","MGYS00000355","metagenomic",,"SRR062143",
"MGYA00133860","3.0","ERS489904","MGYS00001918","metagenomic",,"ERR599339",
"MGYA00102608","3.0","SRS1044014","MGYS00001539","metagenomic",,"SRR2135662",
"MGYA00083100","3.0","ERS1372604","MGYS00001282","metagenomic",,"ERR1664679",
"MGYA00133928","3.0","ERS492342","MGYS00001918","metagenomic",,"ERR599357",
"MGYA00096451","3.0","ERS1507287","MGYS00001432","metagenomic",,"ERR1801630",
"MGYA00083315","3.0","ERS1370022","MGYS00001282","metagenomic",,"ERR1662252",
"MGYA00083386","3.0","ERS1370015","MGYS00001282","metagenomic",,"ERR1662419",
"MGYA00102587","3.0","SRS1043987","MGYS00001539","metagenomic",,"SRR2135748",
"MGYA00104114","3.0","ERS614323","MGYS00001609","metagenomic",,"ERR694207",
"MGYA00103987","3.0","ERS714918","MGYS00001608","metagenomic",,"ERR868090",
"MGYA00133858","3.0","ERS493767","MGYS00001918","metagenomic",,"ERR599355",
"MGYA00083141","3.0","ERS1372605","MGYS00001282","metagenomic",,"ERR1664691",
"MGYA00083369","3.0","ERS1370024","MGYS00001282","metagenomic",,"ERR1662269",
"MGYA00083428","3.0","ERS1370023","MGYS00001282","metagenomic",,"ERR1662267",
"MGYA00083499","3.0","ERS1370025","MGYS00001282","metagenomic",,"ERR1662298",
"MGYA00126423","3.0","SRS085694","MGYS00000355","metagenomic",,"SRR062167",
"MGYA00134768","3.0","SRS981278","MGYS00001932","metagenomic",,"SRR2090132",
"MGYA00104171","3.0","ERS614331","MGYS00001609","metagenomic",,"ERR694158",
"MGYA00126453","3.0","SRS085760","MGYS00000355","metagenomic",,"SRR062237",
"MGYA00131524","3.0","SRS172669","MGYS00001836","metagenomic",,"SRR100500",
"MGYA00100709","3.0","ERS1115620","MGYS00001519","metagenomic",,"ERR1358764",
"MGYA00083384","3.0","ERS1372604","MGYS00001282","metagenomic",,"ERR1664677",
"MGYA00083149","3.0","ERS1370020","MGYS00001282","metagenomic",,"ERR1662492",
"MGYA00103962","3.0","ERS714918","MGYS00001608","metagenomic",,"ERR868092",
"MGYA00104096","3.0","ERS614333","MGYS00001609","metagenomic",,"ERR694196",
"MGYA00100663","3.0","ERS1286202","MGYS00001512","metagenomic",,"ERR1560101",
"MGYA00083310","3.0","ERS1370024","MGYS00001282","metagenomic",,"ERR1662282",
"MGYA00083442","3.0","ERS1370019","MGYS00001282","metagenomic",,"ERR1662233",
"MGYA00102625","3.0","SRS1044023","MGYS00001539","metagenomic",,"SRR2135751",
"MGYA00104139","3.0","ERS614323","MGYS00001609","metagenomic",,"ERR694211",
"MGYA00104170","3.0","ERS614327","MGYS00001609","metagenomic",,"ERR694124",
"MGYA00126404","3.0","SRS085771","MGYS00000355","metagenomic",,"SRR062248",
"MGYA00083478","3.0","ERS1372612","MGYS00001282","metagenomic",,"ERR1664727",
"MGYA00083468","3.0","ERS1370025","MGYS00001282","metagenomic",,"ERR1662324",
"MGYA00133862","3.0","ERS490648","MGYS00001918","metagenomic",,"ERR599347",
"MGYA00131525","3.0","SRS172670","MGYS00001836","metagenomic",,"SRR100501",
"MGYA00104206","3.0","ERS614329","MGYS00001609","metagenomic",,"ERR694129",
"MGYA00102564","3.0","SRS1043989","MGYS00001539","metagenomic",,"SRR2135746",
"MGYA00103971","3.0","ERS714917","MGYS00001608","metagenomic",,"ERR868034",
"MGYA00134805","3.0","SRS981287","MGYS00001932","metagenomic",,"SRR2090123",
"MGYA00083425","3.0","ERS1370021","MGYS00001282","metagenomic",,"ERR1662515",
"MGYA00126362","3.0","SRS085674","MGYS00000355","metagenomic",,"SRR062147",
"MGYA00100662","3.0","ERS1286210","MGYS00001512","metagenomic",,"ERR1560109",
"MGYA00134047","3.0","ERS1573124","MGYS00001926","metagenomic",,"ERR2021507",
"MGYA00084046","3.0","ERS1418471","MGYS00001291","metagenomic",,"ERR1698981",
"MGYA00104162","3.0","ERS614327","MGYS00001609","metagenomic",,"ERR694112",
"MGYA00133883","3.0","ERS490452","MGYS00001918","metagenomic",,"ERR594364",
"MGYA00126333","3.0","SRS085667","MGYS00000355","metagenomic",,"SRR062140",
"MGYA00126437","3.0","SRS085677","MGYS00000355","metagenomic",,"SRR062150",
"MGYA00126422","3.0","SRS085660","MGYS00000355","metagenomic",,"SRR062129",
"MGYA00083256","3.0","ERS1370017","MGYS00001282","metagenomic",,"ERR1662199",
"MGYA00096454","3.0","ERS1507288","MGYS00001432","metagenomic",,"ERR1801659",
"MGYA00083412","3.0","ERS1370018","MGYS00001282","metagenomic",,"ERR1662225",
"MGYA00126432","3.0","SRS085783","MGYS00000355","metagenomic",,"SRR062262",
"MGYA00083467","3.0","ERS1370024","MGYS00001282","metagenomic",,"ERR1662275",
"MGYA00084057","3.0","ERS1418472","MGYS00001291","metagenomic",,"ERR1698982",
"MGYA00104191","3.0","ERS614329","MGYS00001609","metagenomic",,"ERR694147",
"MGYA00134801","3.0","SRS981326","MGYS00001932","metagenomic",,"SRR2090067",
"MGYA00083276","3.0","ERS1370022","MGYS00001282","metagenomic",,"ERR1662247",
"MGYA00083136","3.0","ERS1370025","MGYS00001282","metagenomic",,"ERR1662308",
"MGYA00083475","3.0","ERS1370023","MGYS00001282","metagenomic",,"ERR1662255",
"MGYA00102611","3.0","SRS1043993","MGYS00001539","metagenomic",,"SRR2135733",
"MGYA00134825","3.0","SRS981280","MGYS00001932","metagenomic",,"SRR2090130",
"MGYA00104133","3.0","ERS614329","MGYS00001609","metagenomic",,"ERR694137",
"MGYA00134790","3.0","SRS981285","MGYS00001932","metagenomic",,"SRR2090125",
"MGYA00083377","3.0","ERS1370014","MGYS00001282","metagenomic",,"ERR1662408",
"MGYA00083327","3.0","ERS1370025","MGYS00001282","metagenomic",,"ERR1662326",
"MGYA00083152","3.0","ERS1370020","MGYS00001282","metagenomic",,"ERR1662491",
"MGYA00098226","3.0","ERS510183","MGYS00001464","metagenomic",,"ERR567367",
"MGYA00134819","3.0","SRS981317","MGYS00001932","metagenomic",,"SRR2090076",
"MGYA00102614","3.0","SRS1043970","MGYS00001539","metagenomic",,"SRR2135777",
"MGYA00083297","3.0","ERS1370014","MGYS00001282","metagenomic",,"ERR1662398",
"MGYA00104106","3.0","ERS614323","MGYS00001609","metagenomic",,"ERR694213",
"MGYA00083438","3.0","ERS1370025","MGYS00001282","metagenomic",,"ERR1662309",
"MGYA00126457","3.0","SRS085711","MGYS00000355","metagenomic",,"SRR062184",
"MGYA00098664","3.0","ERS903625","MGYS00001488","metagenomic",,"ERR1055654",
"MGYA00103952","3.0","ERS714918","MGYS00001608","metagenomic",,"ERR868089",
"MGYA00102588","3.0","SRS1043973","MGYS00001539","metagenomic",,"SRR2135769",
"MGYA00104122","3.0","ERS614331","MGYS00001609","metagenomic",,"ERR694173",
"MGYA00126368","3.0","SRS085703","MGYS00000355","metagenomic",,"SRR062176",
"MGYA00103981","3.0","ERS714918","MGYS00001608","metagenomic",,"ERR868088",
"MGYA00083454","3.0","ERS1370021","MGYS00001282","metagenomic",,"ERR1662505",
"MGYA00126464","3.0","SRS085756","MGYS00000355","metagenomic",,"SRR062233",
"MGYA00102598","3.0","SRS1044009","MGYS00001539","metagenomic",,"SRR2135686",
"MGYA00133893","3.0","ERS490727","MGYS00001918","metagenomic",,"ERR599361",
"MGYA00102600","3.0","SRS1044020","MGYS00001539","metagenomic",,"SRR2135763",
"MGYA00085836","3.0","ERS1396366","MGYS00001320","metagenomic",,"ERR1739699",
"MGYA00083096","3.0","ERS1370018","MGYS00001282","metagenomic",,"ERR1662228",
"MGYA00083160","3.0","ERS1370016","MGYS00001282","metagenomic",,"ERR1662458",
"MGYA00100744","3.0","ERS955804","MGYS00001522","metagenomic",,"ERR1111515",
"MGYA00083482","3.0","ERS1370027","MGYS00001282","metagenomic",,"ERR1662387",
"MGYA00083216","3.0","ERS1370015","MGYS00001282","metagenomic",,"ERR1662426",
"MGYA00085839","3.0","ERS1396360","MGYS00001320","metagenomic",,"ERR1739693",
"MGYA00133833","3.0","ERS491930","MGYS00001918","metagenomic",,"ERR599375",
"MGYA00085838","3.0","ERS1396363","MGYS00001320","metagenomic",,"ERR1739696",
"MGYA00083323","3.0","ERS1370015","MGYS00001282","metagenomic",,"ERR1662422",
"MGYA00083472","3.0","ERS1370021","MGYS00001282","metagenomic",,"ERR1662532",
"MGYA00083395","3.0","ERS1370025","MGYS00001282","metagenomic",,"ERR1662329",
"MGYA00103333","3.0","ERS1569000","MGYS00000991","metagenomic",,"ERR1855261",
"MGYA00126375","3.0","SRS086237","MGYS00000355","metagenomic",,"SRR063390",
"MGYA00100634","3.0","ERS1286211","MGYS00001512","metagenomic",,"ERR1560110",
"MGYA00083301","3.0","ERS1370020","MGYS00001282","metagenomic",,"ERR1662481",
"MGYA00083132","3.0","ERS1370024","MGYS00001282","metagenomic",,"ERR1662287",
"MGYA00102609","3.0","SRS1044034","MGYS00001539","metagenomic",,"SRR2135688",
"MGYA00083243","3.0","ERS1370027","MGYS00001282","metagenomic",,"ERR1662371",
"MGYA00133827","3.0","ERS488499","MGYS00001918","metagenomic",,"ERR594396",
"MGYA00126371","3.0","SRS085713","MGYS00000355","metagenomic",,"SRR063768",
"MGYA00083443","3.0","ERS1370027","MGYS00001282","metagenomic",,"ERR1662345",
"MGYA00102560","3.0","SRS1043974","MGYS00001539","metagenomic",,"SRR2135768",
"MGYA00083254","3.0","ERS1370019","MGYS00001282","metagenomic",,"ERR1662242",
"MGYA00134821","3.0","SRS981330","MGYS00001932","metagenomic",,"SRR2090063",
"MGYA00100633","3.0","ERS1286097","MGYS00001512","metagenomic",,"ERR1560012",
"MGYA00126433","3.0","SRS085706","MGYS00000355","metagenomic",,"SRR062179",
"MGYA00133866","3.0","ERS492198","MGYS00001918","metagenomic",,"ERR594383",
"MGYA00133882","3.0","ERS489996","MGYS00001918","metagenomic",,"ERR599351",
"MGYA00104118","3.0","ERS614329","MGYS00001609","metagenomic",,"ERR694127",
"MGYA00134778","3.0","SRS981322","MGYS00001932","metagenomic",,"SRR2090071",
"MGYA00083280","3.0","ERS1370023","MGYS00001282","metagenomic",,"ERR1662264",
"MGYA00103979","3.0","ERS714917","MGYS00001608","metagenomic",,"ERR868032",
"MGYA00126358","3.0","SRS085673","MGYS00000355","metagenomic",,"SRR062146",
"MGYA00104163","3.0","ERS614331","MGYS00001609","metagenomic",,"ERR694166",
"MGYA00126445","3.0","SRS085695","MGYS00000355","metagenomic",,"SRR062168",
"MGYA00096484","3.0","ERS1507288","MGYS00001432","metagenomic",,"ERR1801669",
"MGYA00104116","3.0","ERS614329","MGYS00001609","metagenomic",,"ERR694143",
"MGYA00083505","3.0","ERS1372604","MGYS00001282","metagenomic",,"ERR1664682",
"MGYA00083441","3.0","ERS1370017","MGYS00001282","metagenomic",,"ERR1662205",
"MGYA00133918","3.0","ERS492797","MGYS00001918","metagenomic",,"ERR599343",
"MGYA00083220","3.0","ERS1370025","MGYS00001282","metagenomic",,"ERR1662312",
"MGYA00096443","3.0","ERS1507288","MGYS00001432","metagenomic",,"ERR1801663",
"MGYA00083399","3.0","ERS1370019","MGYS00001282","metagenomic",,"ERR1662240",
"MGYA00133911","3.0","ERS490120","MGYS00001918","metagenomic",,"ERR594382",
"MGYA00126378","3.0","SRS085769","MGYS00000355","metagenomic",,"SRR062246",
"MGYA00083144","3.0","ERS1370027","MGYS00001282","metagenomic",,"ERR1662357",
"MGYA00083356","3.0","ERS1372603","MGYS00001282","metagenomic",,"ERR1664673",
"MGYA00133922","3.0","ERS488791","MGYS00001918","metagenomic",,"ERR599372",
"MGYA00104183","3.0","ERS614329","MGYS00001609","metagenomic",,"ERR694136",
"MGYA00083184","3.0","ERS1370021","MGYS00001282","metagenomic",,"ERR1662507",
"MGYA00126459","3.0","SRS086235","MGYS00000355","metagenomic",,"SRR063388",
"MGYA00098669","3.0","ERS903621","MGYS00001488","metagenomic",,"ERR1055650",
"MGYA00085843","3.0","ERS1396365","MGYS00001320","metagenomic",,"ERR1739698",
"MGYA00084049","3.0","ERS1418490","MGYS00001291","metagenomic",,"ERR1698995",
"MGYA00133895","3.0","ERS493651","MGYS00001918","metagenomic",,"ERR599363",
"MGYA00134046","3.0","ERS1573130","MGYS00001926","metagenomic",,"ERR2021513",
"MGYA00102604","3.0","SRS1044026","MGYS00001539","metagenomic",,"SRR2135734",
"MGYA00134834","3.0","SRS981321","MGYS00001932","metagenomic",,"SRR2090072",
"MGYA00083298","3.0","ERS1372611","MGYS00001282","metagenomic",,"ERR1664720",
"MGYA00104200","3.0","ERS614333","MGYS00001609","metagenomic",,"ERR694185",
"MGYA00133894","3.0","ERS490204","MGYS00001918","metagenomic",,"ERR594395",
"MGYA00104082","3.0","ERS614325","MGYS00001609","metagenomic",,"ERR694205",
"MGYA00083193","3.0","ERS1370016","MGYS00001282","metagenomic",,"ERR1662459",
"MGYA00083345","3.0","ERS1370020","MGYS00001282","metagenomic",,"ERR1662489",
"MGYA00103356","3.0","ERS1176156","MGYS00000991","metagenomic",,"ERR1424908",
"MGYA00103973","3.0","ERS714917","MGYS00001608","metagenomic",,"ERR868051",
"MGYA00134771","3.0","SRS981286","MGYS00001932","metagenomic",,"SRR2090124",
"MGYA00083309","3.0","ERS1370027","MGYS00001282","metagenomic",,"ERR1662383",
"MGYA00104092","3.0","ERS614331","MGYS00001609","metagenomic",,"ERR694171",
"MGYA00083358","3.0","ERS1370025","MGYS00001282","metagenomic",,"ERR1662315",
"MGYA00103336","3.0","ERS1568980","MGYS00000991","metagenomic",,"ERR1855271",
"MGYA00083233","3.0","ERS1370016","MGYS00001282","metagenomic",,"ERR1662457",
"MGYA00102584","3.0","SRS1043980","MGYS00001539","metagenomic",,"SRR2135756",
"MGYA00083334","3.0","ERS1370020","MGYS00001282","metagenomic",,"ERR1662501",
"MGYA00103995","3.0","ERS714918","MGYS00001608","metagenomic",,"ERR868111",
"MGYA00102621","3.0","SRS1044000","MGYS00001539","metagenomic",,"SRR2135726",
"MGYA00100648","3.0","ERS1286209","MGYS00001512","metagenomic",,"ERR1560108",
"MGYA00102586","3.0","SRS1044017","MGYS00001539","metagenomic",,"SRR2135767",
"MGYA00103349","3.0","ERS1568990","MGYS00000991","metagenomic",,"ERR1855244",
"MGYA00126448","3.0","SRS085719","MGYS00000355","metagenomic",,"SRR062192",
"MGYA00104210","3.0","ERS614327","MGYS00001609","metagenomic",,"ERR694119",
"MGYA00103958","3.0","ERS714918","MGYS00001608","metagenomic",,"ERR868093",
"MGYA00083230","3.0","ERS1370027","MGYS00001282","metagenomic",,"ERR1662348",
"MGYA00083273","3.0","ERS1370014","MGYS00001282","metagenomic",,"ERR1662404",
"MGYA00083295","3.0","ERS1370025","MGYS00001282","metagenomic",,"ERR1662320",
"MGYA00102605","3.0","SRS1043968","MGYS00001539","metagenomic",,"SRR2135739",
"MGYA00126342","3.0","SRS085727","MGYS00000355","metagenomic",,"SRR063767",
"MGYA00126469","3.0","SRS085773","MGYS00000355","metagenomic",,"SRR062250",
"MGYA00104174","3.0","ERS614327","MGYS00001609","metagenomic",,"ERR694118",
"MGYA00083222","3.0","ERS1370013","MGYS00001282","metagenomic",,"ERR1662193",
"MGYA00133836","3.0","ERS492198","MGYS00001918","metagenomic",,"ERR594387",
"MGYA00102585","3.0","SRS1043965","MGYS00001539","metagenomic",,"SRR2135743",
"MGYA00083121","3.0","ERS1370020","MGYS00001282","metagenomic",,"ERR1662469",
"MGYA00133841","3.0","ERS490346","MGYS00001918","metagenomic",,"ERR594353",
"MGYA00103991","3.0","ERS714918","MGYS00001608","metagenomic",,"ERR868094",
"MGYA00104077","3.0","ERS614333","MGYS00001609","metagenomic",,"ERR694179",
"MGYA00083126","3.0","ERS1370027","MGYS00001282","metagenomic",,"ERR1662384",
"MGYA00083112","3.0","ERS1370021","MGYS00001282","metagenomic",,"ERR1662529",
"MGYA00085837","3.0","ERS1396359","MGYS00001320","metagenomic",,"ERR1739692",
"MGYA00126430","3.0","SRS085701","MGYS00000355","metagenomic",,"SRR062174",
"MGYA00102573","3.0","SRS1044003","MGYS00001539","metagenomic",,"SRR2135721",
"MGYA00134785","3.0","SRS981288","MGYS00001932","metagenomic",,"SRR2090122",
"MGYA00083288","3.0","ERS1370022","MGYS00001282","metagenomic",,"ERR1662254",
"MGYA00096449","3.0","ERS1507287","MGYS00001432","metagenomic",,"ERR1801634",
"MGYA00104094","3.0","ERS614325","MGYS00001609","metagenomic",,"ERR694199",
"MGYA00104207","3.0","ERS614333","MGYS00001609","metagenomic",,"ERR694195",
"MGYA00083151","3.0","ERS1370016","MGYS00001282","metagenomic",,"ERR1662447",
"MGYA00102616","3.0","SRS1044016","MGYS00001539","metagenomic",,"SRR2135776",
"MGYA00103985","3.0","ERS714917","MGYS00001608","metagenomic",,"ERR868043",
"MGYA00104134","3.0","ERS614333","MGYS00001609","metagenomic",,"ERR694189",
"MGYA00098660","3.0","ERS903635","MGYS00001488","metagenomic",,"ERR1055664",
"MGYA00134051","3.0","ERS1573120","MGYS00001926","metagenomic",,"ERR2021503",
"MGYA00104137","3.0","ERS614325","MGYS00001609","metagenomic",,"ERR694206",
"MGYA00133850","3.0","ERS488558","MGYS00001918","metagenomic",,"ERR594410",
"MGYA00133920","3.0","ERS492198","MGYS00001918","metagenomic",,"ERR594357",
"MGYA00103977","3.0","ERS714918","MGYS00001608","metagenomic",,"ERR868112",
"MGYA00103318","3.0","ERS1569001","MGYS00000991","metagenomic",,"ERR1855251",
"MGYA00103338","3.0","ERS1568986","MGYS00000991","metagenomic",,"ERR1855247",
"MGYA00083314","3.0","ERS1370027","MGYS00001282","metagenomic",,"ERR1662378",
"MGYA00083117","3.0","ERS1370015","MGYS00001282","metagenomic",,"ERR1662433",
"MGYA00126463","3.0","SRS085777","MGYS00000355","metagenomic",,"SRR062254",
"MGYA00104110","3.0","ERS614331","MGYS00001609","metagenomic",,"ERR694162",
"MGYA00134053","3.0","ERS1573126","MGYS00001926","metagenomic",,"ERR2021509",
"MGYA00083228","3.0","ERS1370020","MGYS00001282","metagenomic",,"ERR1662488",
"MGYA00102565","3.0","SRS1044030","MGYS00001539","metagenomic",,"SRR2135718",
"MGYA00083133","3.0","ERS1370015","MGYS00001282","metagenomic",,"ERR1662440",
"MGYA00131529","3.0","SRS172669","MGYS00001836","metagenomic",,"SRR100498",
"MGYA00083319","3.0","ERS1370024","MGYS00001282","metagenomic",,"ERR1662279",
"MGYA00133825","3.0","ERS488636","MGYS00001918","metagenomic",,"ERR599350",
"MGYA00083481","3.0","ERS1370014","MGYS00001282","metagenomic",,"ERR1662405",
"MGYA00083373","3.0","ERS1370023","MGYS00001282","metagenomic",,"ERR1662268",
"MGYA00126382","3.0","SRS085689","MGYS00000355","metagenomic",,"SRR062162",
"MGYA00103993","3.0","ERS714918","MGYS00001608","metagenomic",,"ERR868100",
"MGYA00083393","3.0","ERS1370016","MGYS00001282","metagenomic",,"ERR1662449",
"MGYA00134796","3.0","SRS981313","MGYS00001932","metagenomic",,"SRR2090080",
"MGYA00102558","3.0","SRS1044011","MGYS00001539","metagenomic",,"SRR2135684",
"MGYA00083269","3.0","ERS1370021","MGYS00001282","metagenomic",,"ERR1662524",
"MGYA00083107","3.0","ERS1370027","MGYS00001282","metagenomic",,"ERR1662350",
"MGYA00083207","3.0","ERS1370025","MGYS00001282","metagenomic",,"ERR1662321",
"MGYA00083267","3.0","ERS1370018","MGYS00001282","metagenomic",,"ERR1662213",
"MGYA00083444","3.0","ERS1370019","MGYS00001282","metagenomic",,"ERR1662235",
"MGYA00126399","3.0","SRS085779","MGYS00000355","metagenomic",,"SRR062256",
"MGYA00103989","3.0","ERS714917","MGYS00001608","metagenomic",,"ERR868047",
"MGYA00083421","3.0","ERS1370027","MGYS00001282","metagenomic",,"ERR1662365",
"MGYA00104128","3.0","ERS614327","MGYS00001609","metagenomic",,"ERR694126",
"MGYA00083237","3.0","ERS1370015","MGYS00001282","metagenomic",,"ERR1662432",
"MGYA00126427","3.0","SRS085781","MGYS00000355","metagenomic",,"SRR062258",
"MGYA00083236","3.0","ERS1370027","MGYS00001282","metagenomic",,"ERR1662362",
"MGYA00083145","3.0","ERS1370025","MGYS00001282","metagenomic",,"ERR1662328",
"MGYA00126400","3.0","SRS085751","MGYS00000355","metagenomic",,"SRR062228",
"MGYA00134765","3.0","SRS981289","MGYS00001932","metagenomic",,"SRR2090121",
"MGYA00103968","3.0","ERS714918","MGYS00001608","metagenomic",,"ERR868104",
"MGYA00103368","3.0","ERS1568970","MGYS00000991","metagenomic",,"ERR1855282",
"MGYA00133861","3.0","ERS491995","MGYS00001918","metagenomic",,"ERR599346",
"MGYA00103951","3.0","ERS714917","MGYS00001608","metagenomic",,"ERR868033",
"MGYA00100657","3.0","ERS1286208","MGYS00001512","metagenomic",,"ERR1560107",
"MGYA00083127","3.0","ERS1370013","MGYS00001282","metagenomic",,"ERR1662184",
"MGYA00083195","3.0","ERS1370018","MGYS00001282","metagenomic",,"ERR1662212",
"MGYA00102583","3.0","SRS1043983","MGYS00001539","metagenomic",,"SRR2135753",
"MGYA00083142","3.0","ERS1370027","MGYS00001282","metagenomic",,"ERR1662385",
"MGYA00083392","3.0","ERS1372609","MGYS00001282","metagenomic",,"ERR1664711",
"MGYA00104176","3.0","ERS614329","MGYS00001609","metagenomic",,"ERR694128",
"MGYA00100660","3.0","ERS1286203","MGYS00001512","metagenomic",,"ERR1560102",
"MGYA00104101","3.0","ERS614323","MGYS00001609","metagenomic",,"ERR694209",
"MGYA00134823","3.0","SRS981314","MGYS00001932","metagenomic",,"SRR2090079",
"MGYA00104095","3.0","ERS614325","MGYS00001609","metagenomic",,"ERR694200",
"MGYA00133830","3.0","ERS489084","MGYS00001918","metagenomic",,"ERR594371",
"MGYA00133890","3.0","ERS490522","MGYS00001918","metagenomic",,"ERR594388",
"MGYA00126442","3.0","SRS085757","MGYS00000355","metagenomic",,"SRR062234",
"MGYA00096486","3.0","ERS1507287","MGYS00001432","metagenomic",,"ERR1800786",
"MGYA00134783","3.0","SRS981282","MGYS00001932","metagenomic",,"SRR2090128",
"MGYA00083424","3.0","ERS1370015","MGYS00001282","metagenomic",,"ERR1662430",
"MGYA00103321","3.0","ERS1568983","MGYS00000991","metagenomic",,"ERR1855245",
"MGYA00126415","3.0","SRS085687","MGYS00000355","metagenomic",,"SRR062160",
"MGYA00098667","3.0","ERS903619","MGYS00001488","metagenomic",,"ERR1055648",
"MGYA00083296","3.0","ERS1370015","MGYS00001282","metagenomic",,"ERR1662417",
"MGYA00102581","3.0","SRS1044036","MGYS00001539","metagenomic",,"SRR2135682",
"MGYA00134779","3.0","SRS981279","MGYS00001932","metagenomic",,"SRR2090131",
"MGYA00083189","3.0","ERS1370023","MGYS00001282","metagenomic",,"ERR1662256",
"MGYA00083389","3.0","ERS1370024","MGYS00001282","metagenomic",,"ERR1662277",
"MGYA00103325","3.0","ERS1568968","MGYS00000991","metagenomic",,"ERR1855285",
"MGYA00083169","3.0","ERS1370026","MGYS00001282","metagenomic",,"ERR1662338",
"MGYA00102601","3.0","SRS1044004","MGYS00001539","metagenomic",,"SRR2135719",
"MGYA00102624","3.0","SRS1044027","MGYS00001539","metagenomic",,"SRR2135725",
"MGYA00098656","3.0","ERS903633","MGYS00001488","metagenomic",,"ERR1055662",
"MGYA00102594","3.0","SRS1044001","MGYS00001539","metagenomic",,"SRR2135724",
"MGYA00134776","3.0","SRS981325","MGYS00001932","metagenomic",,"SRR2090068",
"MGYA00133898","3.0","ERS492748","MGYS00001918","metagenomic",,"ERR599378",
"MGYA00131530","3.0","SRS172670","MGYS00001836","metagenomic",,"SRR107109",
"MGYA00104088","3.0","ERS614329","MGYS00001609","metagenomic",,"ERR694148",
"MGYA00103330","3.0","ERS1569009","MGYS00000991","metagenomic",,"ERR1855253",
"MGYA00104194","3.0","ERS614331","MGYS00001609","metagenomic",,"ERR694167",
"MGYA00083488","3.0","ERS1370020","MGYS00001282","metagenomic",,"ERR1662497",
"MGYA00083234","3.0","ERS1370020","MGYS00001282","metagenomic",,"ERR1662472",
"MGYA00104103","3.0","ERS614331","MGYS00001609","metagenomic",,"ERR694154",
"MGYA00083244","3.0","ERS1370027","MGYS00001282","metagenomic",,"ERR1662353",
"MGYA00083307","3.0","ERS1370016","MGYS00001282","metagenomic",,"ERR1662465",
"MGYA00083255","3.0","ERS1370018","MGYS00001282","metagenomic",,"ERR1662219",
"MGYA00083113","3.0","ERS1370015","MGYS00001282","metagenomic",,"ERR1662423",
"MGYA00103360","3.0","ERS1176152","MGYS00000991","metagenomic",,"ERR1424904",
"MGYA00126416","3.0","SRS085766","MGYS00000355","metagenomic",,"SRR062243",
"MGYA00126409","3.0","SRS085752","MGYS00000355","metagenomic",,"SRR062229",
"MGYA00133840","3.0","ERS490204","MGYS00001918","metagenomic",,"ERR594404",
"MGYA00083125","3.0","ERS1370017","MGYS00001282","metagenomic",,"ERR1662202",
"MGYA00083213","3.0","ERS1370018","MGYS00001282","metagenomic",,"ERR1662231",
"MGYA00126421","3.0","SRS085754","MGYS00000355","metagenomic",,"SRR062231",
"MGYA00083490","3.0","ERS1370021","MGYS00001282","metagenomic",,"ERR1662521",
"MGYA00126462","3.0","SRS085697","MGYS00000355","metagenomic",,"SRR062170",
"MGYA00100708","3.0","ERS1115622","MGYS00001519","metagenomic",,"ERR1358766",
"MGYA00133844","3.0","ERS489257","MGYS00001918","metagenomic",,"ERR599356",
"MGYA00085835","3.0","ERS1396362","MGYS00001320","metagenomic",,"ERR1739695",
"MGYA00104164","3.0","ERS614333","MGYS00001609","metagenomic",,"ERR694177",
"MGYA00126420","3.0","SRS085722","MGYS00000355","metagenomic",,"SRR063770",
"MGYA00102563","3.0","SRS1043966","MGYS00001539","metagenomic",,"SRR2135742",
"MGYA00126345","3.0","SRS085784","MGYS00000355","metagenomic",,"SRR062264",
"MGYA00133917","3.0","ERS491955","MGYS00001918","metagenomic",,"ERR599353",
"MGYA00133897","3.0","ERS492399","MGYS00001918","metagenomic",,"ERR599368",
"MGYA00133863","3.0","ERS489867","MGYS00001918","metagenomic",,"ERR599362",
"MGYA00104148","3.0","ERS614331","MGYS00001609","metagenomic",,"ERR694157",
"MGYA00083174","3.0","ERS1370021","MGYS00001282","metagenomic",,"ERR1662518",
"MGYA00104120","3.0","ERS614333","MGYS00001609","metagenomic",,"ERR694187",
"MGYA00133820","3.0","ERS489113","MGYS00001918","metagenomic",,"ERR594398",
"MGYA00083456","3.0","ERS1370024","MGYS00001282","metagenomic",,"ERR1662272",
"MGYA00126337","3.0","SRS085750","MGYS00000355","metagenomic",,"SRR062226",
"MGYA00100745","3.0","ERS955803","MGYS00001522","metagenomic",,"ERR1111514",
"MGYA00083211","3.0","ERS1372603","MGYS00001282","metagenomic",,"ERR1664671",
"MGYA00103328","3.0","ERS1568985","MGYS00000991","metagenomic",,"ERR1855266",
"MGYA00083146","3.0","ERS1372610","MGYS00001282","metagenomic",,"ERR1664718",
"MGYA00083447","3.0","ERS1370014","MGYS00001282","metagenomic",,"ERR1662394",
"MGYA00083225","3.0","ERS1372604","MGYS00001282","metagenomic",,"ERR1664680",
"MGYA00133848","3.0","ERS490053","MGYS00001918","metagenomic",,"ERR594359",
"MGYA00083204","3.0","ERS1370027","MGYS00001282","metagenomic",,"ERR1662381",
"MGYA00083208","3.0","ERS1372605","MGYS00001282","metagenomic",,"ERR1664690",
"MGYA00104097","3.0","ERS614329","MGYS00001609","metagenomic",,"ERR694144",
"MGYA00134806","3.0","SRS981329","MGYS00001932","metagenomic",,"SRR2090064",
"MGYA00133926","3.0","ERS493684","MGYS00001918","metagenomic",,"ERR599340",
"MGYA00083374","3.0","ERS1370021","MGYS00001282","metagenomic",,"ERR1662512",
"MGYA00133842","3.0","ERS488867","MGYS00001918","metagenomic",,"ERR599379",
"MGYA00083300","3.0","ERS1370025","MGYS00001282","metagenomic",,"ERR1662296",
"MGYA00083170","3.0","ERS1370021","MGYS00001282","metagenomic",,"ERR1662514",
"MGYA00083312","3.0","ERS1370015","MGYS00001282","metagenomic",,"ERR1662438",
"MGYA00126405","3.0","SRS085718","MGYS00000355","metagenomic",,"SRR062191",
"MGYA00083398","3.0","ERS1370015","MGYS00001282","metagenomic",,"ERR1662414",
"MGYA00083383","3.0","ERS1370023","MGYS00001282","metagenomic",,"ERR1662257",
"MGYA00133864","3.0","ERS492692","MGYS00001918","metagenomic",,"ERR599341",
"MGYA00083501","3.0","ERS1370025","MGYS00001282","metagenomic",,"ERR1662317",
"MGYA00126373","3.0","SRS085715","MGYS00000355","metagenomic",,"SRR062188",
"MGYA00103355","3.0","ERS1568963","MGYS00000991","metagenomic",,"ERR1855256",
"MGYA00104189","3.0","ERS614331","MGYS00001609","metagenomic",,"ERR694172",
"MGYA00083242","3.0","ERS1372604","MGYS00001282","metagenomic",,"ERR1664674",
"MGYA00126335","3.0","SRS085720","MGYS00000355","metagenomic",,"SRR062193",
"MGYA00083218","3.0","ERS1370022","MGYS00001282","metagenomic",,"ERR1662251",
"MGYA00083394","3.0","ERS1372612","MGYS00001282","metagenomic",,"ERR1664726",
"MGYA00103994","3.0","ERS714918","MGYS00001608","metagenomic",,"ERR868114",
"MGYA00102602","3.0","SRS1044031","MGYS00001539","metagenomic",,"SRR2135717",
"MGYA00083436","3.0","ERS1370015","MGYS00001282","metagenomic",,"ERR1662435",
"MGYA00126366","3.0","SRS085705","MGYS00000355","metagenomic",,"SRR062178",
"MGYA00126425","3.0","SRS085772","MGYS00000355","metagenomic",,"SRR062249",
"MGYA00083410","3.0","ERS1370014","MGYS00001282","metagenomic",,"ERR1662410",
"MGYA00083157","3.0","ERS1370027","MGYS00001282","metagenomic",,"ERR1662389",
"MGYA00083341","3.0","ERS1370027","MGYS00001282","metagenomic",,"ERR1662351",
"MGYA00083183","3.0","ERS1370022","MGYS00001282","metagenomic",,"ERR1662249",
"MGYA00104184","3.0","ERS614325","MGYS00001609","metagenomic",,"ERR694204",
"MGYA00133868","3.0","ERS488813","MGYS00001918","metagenomic",,"ERR594400",
"MGYA00133880","3.0","ERS492198","MGYS00001918","metagenomic",,"ERR594380",
"MGYA00083248","3.0","ERS1370014","MGYS00001282","metagenomic",,"ERR1662400",
"MGYA00104086","3.0","ERS614333","MGYS00001609","metagenomic",,"ERR694178",
"MGYA00083385","3.0","ERS1370024","MGYS00001282","metagenomic",,"ERR1662276",
"MGYA00085842","3.0","ERS1396364","MGYS00001320","metagenomic",,"ERR1739697",
"MGYA00104129","3.0","ERS614323","MGYS00001609","metagenomic",,"ERR694210",
"MGYA00104205","3.0","ERS614333","MGYS00001609","metagenomic",,"ERR694180",
"MGYA00103365","3.0","ERS1176148","MGYS00000991","metagenomic",,"ERR1424900",
"MGYA00100656","3.0","ERS1286101","MGYS00001512","metagenomic",,"ERR1560016",
"MGYA00083101","3.0","ERS1370019","MGYS00001282","metagenomic",,"ERR1662241",
"MGYA00104156","3.0","ERS614333","MGYS00001609","metagenomic",,"ERR694176",
"MGYA00100658","3.0","ERS1286106","MGYS00001512","metagenomic",,"ERR1560021",
"MGYA00083491","3.0","ERS1372611","MGYS00001282","metagenomic",,"ERR1664725",
"MGYA00104153","3.0","ERS614333","MGYS00001609","metagenomic",,"ERR694182",
"MGYA00133847","3.0","ERS488340","MGYS00001918","metagenomic",,"ERR594358",
"MGYA00133869","3.0","ERS492748","MGYS00001918","metagenomic",,"ERR634968",
"MGYA00083435","3.0","ERS1370014","MGYS00001282","metagenomic",,"ERR1662397",
"MGYA00103352","3.0","ERS1568992","MGYS00000991","metagenomic",,"ERR1855267",
"MGYA00083362","3.0","ERS1370020","MGYS00001282","metagenomic",,"ERR1662466",
"MGYA00102610","3.0","SRS1044008","MGYS00001539","metagenomic",,"SRR2135711",
"MGYA00098654","3.0","ERS903631","MGYS00001488","metagenomic",,"ERR1055660",
"MGYA00083450","3.0","ERS1370018","MGYS00001282","metagenomic",,"ERR1662217",
"MGYA00134773","3.0","SRS981290","MGYS00001932","metagenomic",,"SRR2090120",
"MGYA00133914","3.0","ERS492843","MGYS00001918","metagenomic",,"ERR599354",
"MGYA00134792","3.0","SRS981328","MGYS00001932","metagenomic",,"SRR2090065",
"MGYA00102569","3.0","SRS1044019","MGYS00001539","metagenomic",,"SRR2135765",
"MGYA00134786","3.0","SRS981335","MGYS00001932","metagenomic",,"SRR2090057",
"MGYA00084056","3.0","ERS1418484","MGYS00001291","metagenomic",,"ERR1698991",
"MGYA00104172","3.0","ERS614329","MGYS00001609","metagenomic",,"ERR694146",
"MGYA00104166","3.0","ERS614333","MGYS00001609","metagenomic",,"ERR694198",
"MGYA00083422","3.0","ERS1370025","MGYS00001282","metagenomic",,"ERR1662299",
"MGYA00103965","3.0","ERS714917","MGYS00001608","metagenomic",,"ERR868046",
"MGYA00103956","3.0","ERS714918","MGYS00001608","metagenomic",,"ERR868110",
"MGYA00102561","3.0","SRS1043999","MGYS00001539","metagenomic",,"SRR2135727",
"MGYA00103358","3.0","ERS1568984","MGYS00000991","metagenomic",,"ERR1855246",
"MGYA00083226","3.0","ERS1370023","MGYS00001282","metagenomic",,"ERR1662261",
"MGYA00083262","3.0","ERS1370022","MGYS00001282","metagenomic",,"ERR1662246",
"MGYA00083308","3.0","ERS1370016","MGYS00001282","metagenomic",,"ERR1662452",
"MGYA00126389","3.0","SRS085728","MGYS00000355","metagenomic",,"SRR062201",
"MGYA00083500","3.0","ERS1370022","MGYS00001282","metagenomic",,"ERR1662245",
"MGYA00126343","3.0","SRS085737","MGYS00000355","metagenomic",,"SRR062211",
"MGYA00134781","3.0","SRS981310","MGYS00001932","metagenomic",,"SRR2090083",
"MGYA00083466","3.0","ERS1370016","MGYS00001282","metagenomic",,"ERR1662460",
"MGYA00084050","3.0","ERS1418469","MGYS00001291","metagenomic",,"ERR1698980",
"MGYA00126441","3.0","SRS085699","MGYS00000355","metagenomic",,"SRR062172",
"MGYA00083275","3.0","ERS1370016","MGYS00001282","metagenomic",,"ERR1662464",
"MGYA00103354","3.0","ERS1176149","MGYS00000991","metagenomic",,"ERR1424901",
"MGYA00083214","3.0","ERS1370022","MGYS00001282","metagenomic",,"ERR1662250",
"MGYA00083352","3.0","ERS1370025","MGYS00001282","metagenomic",,"ERR1662332",
"MGYA00103370","3.0","ERS1568977","MGYS00000991","metagenomic",,"ERR1855275",
"MGYA00083476","3.0","ERS1370018","MGYS00001282","metagenomic",,"ERR1662227",
"MGYA00126369","3.0","SRS085700","MGYS00000355","metagenomic",,"SRR062173",
"MGYA00083400","3.0","ERS1370013","MGYS00001282","metagenomic",,"ERR1662190",
"MGYA00126440","3.0","SRS085750","MGYS00000355","metagenomic",,"SRR062227",
"MGYA00104000","3.0","ERS714917","MGYS00001608","metagenomic",,"ERR868037",
"MGYA00100746","3.0","ERS955808","MGYS00001522","metagenomic",,"ERR1111519",
"MGYA00126411","3.0","SRS085676","MGYS00000355","metagenomic",,"SRR062149",
"MGYA00133816","3.0","ERS478007","MGYS00001918","metagenomic",,"ERR594408",
"MGYA00133916","3.0","ERS488892","MGYS00001918","metagenomic",,"ERR594356",
"MGYA00083166","3.0","ERS1370021","MGYS00001282","metagenomic",,"ERR1662510",
"MGYA00103341","3.0","ERS1568975","MGYS00000991","metagenomic",,"ERR1855277",
"MGYA00083423","3.0","ERS1370020","MGYS00001282","metagenomic",,"ERR1662479",
"MGYA00133907","3.0","ERS488836","MGYS00001918","metagenomic",,"ERR594386",
"MGYA00134807","3.0","SRS981319","MGYS00001932","metagenomic",,"SRR2090074",
"MGYA00083448","3.0","ERS1370024","MGYS00001282","metagenomic",,"ERR1662273",
"MGYA00134814","3.0","SRS981291","MGYS00001932","metagenomic",,"SRR2090119",
"MGYA00100644","3.0","ERS1286196","MGYS00001512","metagenomic",,"ERR1560095",
"MGYA00083277","3.0","ERS1370027","MGYS00001282","metagenomic",,"ERR1662368",
"MGYA00083124","3.0","ERS1372605","MGYS00001282","metagenomic",,"ERR1664688",
"MGYA00083437","3.0","ERS1370014","MGYS00001282","metagenomic",,"ERR1662395",
"MGYA00083507","3.0","ERS1370027","MGYS00001282","metagenomic",,"ERR1662355",
"MGYA00102557","3.0","SRS1043990","MGYS00001539","metagenomic",,"SRR2135737",
"MGYA00102574","3.0","SRS1043995","MGYS00001539","metagenomic",,"SRR2135731",
"MGYA00103364","3.0","ERS1568974","MGYS00000991","metagenomic",,"ERR1855279",
"MGYA00104152","3.0","ERS614329","MGYS00001609","metagenomic",,"ERR694132",
"MGYA00103976","3.0","ERS714918","MGYS00001608","metagenomic",,"ERR868108",
"MGYA00133902","3.0","ERS488613","MGYS00001918","metagenomic",,"ERR594360",
"MGYA00098657","3.0","ERS903629","MGYS00001488","metagenomic",,"ERR1055658",
"MGYA00100647","3.0","ERS1286199","MGYS00001512","metagenomic",,"ERR1560098",
"MGYA00098223","3.0","ERS640424","MGYS00001464","metagenomic",,"ERR732642",
"MGYA00126467","3.0","SRS085683","MGYS00000355","metagenomic",,"SRR062156",
"MGYA00126391","3.0","SRS085663","MGYS00000355","metagenomic",,"SRR062132",
"MGYA00083135","3.0","ERS1370014","MGYS00001282","metagenomic",,"ERR1662411",
"MGYA00083372","3.0","ERS1370026","MGYS00001282","metagenomic",,"ERR1662342",
"MGYA00083198","3.0","ERS1370021","MGYS00001282","metagenomic",,"ERR1662526",
"MGYA00126439","3.0","SRS085767","MGYS00000355","metagenomic",,"SRR062244",
"MGYA00083371","3.0","ERS1370020","MGYS00001282","metagenomic",,"ERR1662471",
"MGYA00083355","3.0","ERS1370027","MGYS00001282","metagenomic",,"ERR1662370",
"MGYA00083105","3.0","ERS1370025","MGYS00001282","metagenomic",,"ERR1662325",
"MGYA00104177","3.0","ERS614329","MGYS00001609","metagenomic",,"ERR694134",
"MGYA00133849","3.0","ERS488757","MGYS00001918","metagenomic",,"ERR594402",
"MGYA00096481","3.0","ERS1507288","MGYS00001432","metagenomic",,"ERR1801660",
"MGYA00104178","3.0","ERS614331","MGYS00001609","metagenomic",,"ERR694160",
"MGYA00083324","3.0","ERS1370018","MGYS00001282","metagenomic",,"ERR1662229",
"MGYA00133870","3.0","ERS490676","MGYS00001918","metagenomic",,"ERR594411",
"MGYA00134055","3.0","ERS1573128","MGYS00001926","metagenomic",,"ERR2021511",
"MGYA00104127","3.0","ERS614333","MGYS00001609","metagenomic",,"ERR694191",
"MGYA00103311","3.0","ERS1569005","MGYS00000991","metagenomic",,"ERR1855258",
"MGYA00083268","3.0","ERS1370013","MGYS00001282","metagenomic",,"ERR1662197",
"MGYA00083396","3.0","ERS1370027","MGYS00001282","metagenomic",,"ERR1662392",
"MGYA00104213","3.0","ERS614329","MGYS00001609","metagenomic",,"ERR694152",
"MGYA00083179","3.0","ERS1370027","MGYS00001282","metagenomic",,"ERR1662367",
"MGYA00126410","3.0","SRS085746","MGYS00000355","metagenomic",,"SRR062220",
"MGYA00096459","3.0","ERS1507288","MGYS00001432","metagenomic",,"ERR1801664",
"MGYA00083330","3.0","ERS1370024","MGYS00001282","metagenomic",,"ERR1662270",
"MGYA00100654","3.0","ERS1286207","MGYS00001512","metagenomic",,"ERR1560106",
"MGYA00100652","3.0","ERS1286098","MGYS00001512","metagenomic",,"ERR1560013",
"MGYA00134787","3.0","SRS981309","MGYS00001932","metagenomic",,"SRR2090084",
"MGYA00083186","3.0","ERS1372605","MGYS00001282","metagenomic",,"ERR1664687",
"MGYA00103997","3.0","ERS714917","MGYS00001608","metagenomic",,"ERR868038",
"MGYA00103983","3.0","ERS714917","MGYS00001608","metagenomic",,"ERR868053",
"MGYA00126461","3.0","SRS086234","MGYS00000355","metagenomic",,"SRR063387",
"MGYA00098225","3.0","ERS510181","MGYS00001464","metagenomic",,"ERR567365",
"MGYA00083360","3.0","ERS1370016","MGYS00001282","metagenomic",,"ERR1662462",
"MGYA00133876","3.0","ERS488589","MGYS00001918","metagenomic",,"ERR594393",
"MGYA00126348","3.0","SRS085684","MGYS00000355","metagenomic",,"SRR062157",
"MGYA00083375","3.0","ERS1372608","MGYS00001282","metagenomic",,"ERR1664710",
"MGYA00133929","3.0","ERS491063","MGYS00001918","metagenomic",,"ERR599364",
"MGYA00104158","3.0","ERS614329","MGYS00001609","metagenomic",,"ERR694140",
"MGYA00126438","3.0","SRS085788","MGYS00000355","metagenomic",,"SRR062268",
"MGYA00083159","3.0","ERS1370020","MGYS00001282","metagenomic",,"ERR1662494",
"MGYA00083283","3.0","ERS1370024","MGYS00001282","metagenomic",,"ERR1662271",
"MGYA00104201","3.0","ERS614331","MGYS00001609","metagenomic",,"ERR694153",
"MGYA00103999","3.0","ERS714917","MGYS00001608","metagenomic",,"ERR868050",
"MGYA00083320","3.0","ERS1372608","MGYS00001282","metagenomic",,"ERR1664707",
"MGYA00102622","3.0","SRS1044006","MGYS00001539","metagenomic",,"SRR2135714",
"MGYA00083265","3.0","ERS1372610","MGYS00001282","metagenomic",,"ERR1664715",
"MGYA00083305","3.0","ERS1372606","MGYS00001282","metagenomic",,"ERR1664693",
"MGYA00133826","3.0","ERS490026","MGYS00001918","metagenomic",,"ERR594385",
"MGYA00083367","3.0","ERS1370020","MGYS00001282","metagenomic",,"ERR1662473",
"MGYA00103970","3.0","ERS714917","MGYS00001608","metagenomic",,"ERR868036",
"MGYA00126403","3.0","SRS085735","MGYS00000355","metagenomic",,"SRR062208",
"MGYA00133852","3.0","ERS490180","MGYS00001918","metagenomic",,"ERR594389",
"MGYA00083168","3.0","ERS1370018","MGYS00001282","metagenomic",,"ERR1662211",
"MGYA00134829","3.0","SRS981281","MGYS00001932","metagenomic",,"SRR2090129",
"MGYA00083106","3.0","ERS1370020","MGYS00001282","metagenomic",,"ERR1662496",
"MGYA00083379","3.0","ERS1370025","MGYS00001282","metagenomic",,"ERR1662327",
"MGYA00103348","3.0","ERS1568964","MGYS00000991","metagenomic",,"ERR1855268",
"MGYA00133881","3.0","ERS493835","MGYS00001918","metagenomic",,"ERR599365",
"MGYA00133838","3.0","ERS488959","MGYS00001918","metagenomic",,"ERR599360",
"MGYA00104145","3.0","ERS614325","MGYS00001609","metagenomic",,"ERR694201",
"MGYA00133874","3.0","ERS488836","MGYS00001918","metagenomic",,"ERR594399",
"MGYA00083409","3.0","ERS1370015","MGYS00001282","metagenomic",,"ERR1662434",
"MGYA00103998","3.0","ERS714917","MGYS00001608","metagenomic",,"ERR868048",
"MGYA00102597","3.0","SRS1043996","MGYS00001539","metagenomic",,"SRR2135730",
"MGYA00104084","3.0","ERS614331","MGYS00001609","metagenomic",,"ERR694174",
"MGYA00083350","3.0","ERS1370015","MGYS00001282","metagenomic",,"ERR1662436",
"MGYA00103351","3.0","ERS1568982","MGYS00000991","metagenomic",,"ERR1855269",
"MGYA00100639","3.0","ERS1286108","MGYS00001512","metagenomic",,"ERR1560023",
"MGYA00083154","3.0","ERS1370024","MGYS00001282","metagenomic",,"ERR1662280",
"MGYA00133905","3.0","ERS492797","MGYS00001918","metagenomic",,"ERR599348",
"MGYA00126446","3.0","SRS085696","MGYS00000355","metagenomic",,"SRR062169",
"MGYA00084044","3.0","ERS1418475","MGYS00001291","metagenomic",,"ERR1698984",
"MGYA00104160","3.0","ERS614331","MGYS00001609","metagenomic",,"ERR694161",
"MGYA00134795","3.0","SRS981320","MGYS00001932","metagenomic",,"SRR2090073",
"MGYA00083332","3.0","ERS1370013","MGYS00001282","metagenomic",,"ERR1662181",
"MGYA00083497","3.0","ERS1370013","MGYS00001282","metagenomic",,"ERR1662188",
"MGYA00083199","3.0","ERS1370025","MGYS00001282","metagenomic",,"ERR1662291",
"MGYA00104099","3.0","ERS614327","MGYS00001609","metagenomic",,"ERR694110",
"MGYA00133889","3.0","ERS489603","MGYS00001918","metagenomic",,"ERR594394",
"MGYA00126331","3.0","SRS085686","MGYS00000355","metagenomic",,"SRR062159",
"MGYA00083342","3.0","ERS1370025","MGYS00001282","metagenomic",,"ERR1662313",
"MGYA00083446","3.0","ERS1370025","MGYS00001282","metagenomic",,"ERR1662311",
"MGYA00126406","3.0","SRS085734","MGYS00000355","metagenomic",,"SRR062207",
"MGYA00096462","3.0","ERS1507288","MGYS00001432","metagenomic",,"ERR1801672",
"MGYA00083470","3.0","ERS1370027","MGYS00001282","metagenomic",,"ERR1662390",
"MGYA00083097","3.0","ERS1370025","MGYS00001282","metagenomic",,"ERR1662330",
"MGYA00100653","3.0","ERS1286102","MGYS00001512","metagenomic",,"ERR1560017",
"MGYA00104204","3.0","ERS614327","MGYS00001609","metagenomic",,"ERR694117",
"MGYA00083477","3.0","ERS1370025","MGYS00001282","metagenomic",,"ERR1662303",
"MGYA00085840","3.0","ERS1396358","MGYS00001320","metagenomic",,"ERR1739691",
"MGYA00134827","3.0","SRS981315","MGYS00001932","metagenomic",,"SRR2090078",
"MGYA00083175","3.0","ERS1372604","MGYS00001282","metagenomic",,"ERR1664681",
"MGYA00103960","3.0","ERS714917","MGYS00001608","metagenomic",,"ERR868044",
"MGYA00083285","3.0","ERS1370027","MGYS00001282","metagenomic",,"ERR1662344",
"MGYA00096466","3.0","ERS1507288","MGYS00001432","metagenomic",,"ERR1801674",
"MGYA00131522","3.0","SRS172667","MGYS00001836","metagenomic",,"SRR100496",
"MGYA00126330","3.0","SRS085742","MGYS00000355","metagenomic",,"SRR062216",
"MGYA00083224","3.0","ERS1372606","MGYS00001282","metagenomic",,"ERR1664697",
"MGYA00126436","3.0","SRS085681","MGYS00000355","metagenomic",,"SRR062154",
"MGYA00083473","3.0","ERS1370018","MGYS00001282","metagenomic",,"ERR1662210",
"MGYA00126347","3.0","SRS085739","MGYS00000355","metagenomic",,"SRR062213",
"MGYA00083453","3.0","ERS1370017","MGYS00001282","metagenomic",,"ERR1662201",
"MGYA00083496","3.0","ERS1370019","MGYS00001282","metagenomic",,"ERR1662236",
"MGYA00096487","3.0","ERS1507288","MGYS00001432","metagenomic",,"ERR1801671",
"MGYA00083130","3.0","ERS1372610","MGYS00001282","metagenomic",,"ERR1664717",
"MGYA00083119","3.0","ERS1370014","MGYS00001282","metagenomic",,"ERR1662402",
"MGYA00102593","3.0","SRS1043985","MGYS00001539","metagenomic",,"SRR2135750",
"MGYA00134766","3.0","SRS981311","MGYS00001932","metagenomic",,"SRR2090082",
"MGYA00103361","3.0","ERS1176147","MGYS00000991","metagenomic",,"ERR1424899",
"MGYA00083429","3.0","ERS1372606","MGYS00001282","metagenomic",,"ERR1664699",
"MGYA00096436","3.0","ERS1502387","MGYS00001430","metagenomic",,"ERR1794058",
"MGYA00133884","3.0","ERS492376","MGYS00001918","metagenomic",,"ERR599369",
"MGYA00083196","3.0","ERS1370017","MGYS00001282","metagenomic",,"ERR1662203",
"MGYA00103359","3.0","ERS1568972","MGYS00000991","metagenomic",,"ERR1855281",
"MGYA00133834","3.0","ERS490320","MGYS00001918","metagenomic",,"ERR594415",
"MGYA00083484","3.0","ERS1372610","MGYS00001282","metagenomic",,"ERR1664716",
"MGYA00126339","3.0","SRS085765","MGYS00000355","metagenomic",,"SRR063766",
"MGYA00084054","3.0","ERS1418487","MGYS00001291","metagenomic",,"ERR1698993",
"MGYA00104181","3.0","ERS614323","MGYS00001609","metagenomic",,"ERR694208",
"MGYA00083271","3.0","ERS1370015","MGYS00001282","metagenomic",,"ERR1662415",
"MGYA00083197","3.0","ERS1370027","MGYS00001282","metagenomic",,"ERR1662346",
"MGYA00134775","3.0","SRS981293","MGYS00001932","metagenomic",,"SRR2090117",
"MGYA00126355","3.0","SRS085764","MGYS00000355","metagenomic",,"SRR062241",
"MGYA00103961","3.0","ERS714918","MGYS00001608","metagenomic",,"ERR868087",
"MGYA00103317","3.0","ERS1568965","MGYS00000991","metagenomic",,"ERR1855288",
"MGYA00098653","3.0","ERS903622","MGYS00001488","metagenomic",,"ERR1055651",
"MGYA00104140","3.0","ERS614327","MGYS00001609","metagenomic",,"ERR694121",
"MGYA00103975","3.0","ERS714918","MGYS00001608","metagenomic",,"ERR868102",
"MGYA00083340","3.0","ERS1370019","MGYS00001282","metagenomic",,"ERR1662243",
"MGYA00126359","3.0","SRS085730","MGYS00000355","metagenomic",,"SRR062203",
"MGYA00083246","3.0","ERS1370027","MGYS00001282","metagenomic",,"ERR1662380",
"MGYA00083173","3.0","ERS1370024","MGYS00001282","metagenomic",,"ERR1662288",
"MGYA00103323","3.0","ERS1569008","MGYS00000991","metagenomic",,"ERR1855254",
"MGYA00096444","3.0","ERS1507287","MGYS00001432","metagenomic",,"ERR1801636",
"MGYA00126370","3.0","SRS085776","MGYS00000355","metagenomic",,"SRR062253",
"MGYA00083239","3.0","ERS1370018","MGYS00001282","metagenomic",,"ERR1662222",
"MGYA00103320","3.0","ERS1568996","MGYS00000991","metagenomic",,"ERR1855250",
"MGYA00134797","3.0","SRS981295","MGYS00001932","metagenomic",,"SRR2090115",
"MGYA00083365","3.0","ERS1370016","MGYS00001282","metagenomic",,"ERR1662443",
"MGYA00083333","3.0","ERS1370023","MGYS00001282","metagenomic",,"ERR1662266",
"MGYA00083416","3.0","ERS1370019","MGYS00001282","metagenomic",,"ERR1662244",
"MGYA00083348","3.0","ERS1370016","MGYS00001282","metagenomic",,"ERR1662454",
"MGYA00126449","3.0","SRS085721","MGYS00000355","metagenomic",,"SRR063769",
"MGYA00126452","3.0","SRS085679","MGYS00000355","metagenomic",,"SRR062152",
"MGYA00096474","3.0","ERS1507288","MGYS00001432","metagenomic",,"ERR1801667",
"MGYA00126435","3.0","SRS085726","MGYS00000355","metagenomic",,"SRR062199",
"MGYA00104159","3.0","ERS614331","MGYS00001609","metagenomic",,"ERR694175",
"MGYA00133886","3.0","ERS489084","MGYS00001918","metagenomic",,"ERR594367",
"MGYA00083245","3.0","ERS1370021","MGYS00001282","metagenomic",,"ERR1662523",
"MGYA00083232","3.0","ERS1372606","MGYS00001282","metagenomic",,"ERR1664695",
"MGYA00083194","3.0","ERS1370020","MGYS00001282","metagenomic",,"ERR1662485",
"MGYA00133910","3.0","ERS488448","MGYS00001918","metagenomic",,"ERR594406",
"MGYA00126374","3.0","SRS085702","MGYS00000355","metagenomic",,"SRR062175",
"MGYA00126377","3.0","SRS085693","MGYS00000355","metagenomic",,"SRR062166",
"MGYA00104087","3.0","ERS614333","MGYS00001609","metagenomic",,"ERR694181",
"MGYA00131523","3.0","SRS172667","MGYS00001836","metagenomic",,"SRR107108",
"MGYA00103992","3.0","ERS714918","MGYS00001608","metagenomic",,"ERR868115",
"MGYA00083241","3.0","ERS1372610","MGYS00001282","metagenomic",,"ERR1664719",
"MGYA00083431","3.0","ERS1370027","MGYS00001282","metagenomic",,"ERR1662386",
"MGYA00103969","3.0","ERS714917","MGYS00001608","metagenomic",,"ERR868040",
"MGYA00103984","3.0","ERS714918","MGYS00001608","metagenomic",,"ERR868091",
"MGYA00100642","3.0","ERS1286200","MGYS00001512","metagenomic",,"ERR1560099",
"MGYA00131526","3.0","SRS172668","MGYS00001836","metagenomic",,"SRR100499",
"MGYA00104076","3.0","ERS614329","MGYS00001609","metagenomic",,"ERR694150",
"MGYA00083272","3.0","ERS1370025","MGYS00001282","metagenomic",,"ERR1662305",
"MGYA00126349","3.0","SRS085664","MGYS00000355","metagenomic",,"SRR062134",
"MGYA00083492","3.0","ERS1370026","MGYS00001282","metagenomic",,"ERR1662333",
"MGYA00100741","3.0","ERS955806","MGYS00001522","metagenomic",,"ERR1111517",
"MGYA00083123","3.0","ERS1370015","MGYS00001282","metagenomic",,"ERR1662416",
"MGYA00083464","3.0","ERS1370027","MGYS00001282","metagenomic",,"ERR1662360",
"MGYA00096438","3.0","ERS1502388","MGYS00001430","metagenomic",,"ERR1794059",
"MGYA00083387","3.0","ERS1370015","MGYS00001282","metagenomic",,"ERR1662427",
"MGYA00083432","3.0","ERS1370020","MGYS00001282","metagenomic",,"ERR1662467",
"MGYA00083302","3.0","ERS1370019","MGYS00001282","metagenomic",,"ERR1662239",
"MGYA00083457","3.0","ERS1370013","MGYS00001282","metagenomic",,"ERR1662183",
"MGYA00096482","3.0","ERS1507287","MGYS00001432","metagenomic",,"ERR1801631",
"MGYA00133871","3.0","ERS488558","MGYS00001918","metagenomic",,"ERR594401",
"MGYA00100641","3.0","ERS1286197","MGYS00001512","metagenomic",,"ERR1560096",
"MGYA00083287","3.0","ERS1370015","MGYS00001282","metagenomic",,"ERR1662425",
"MGYA00104195","3.0","ERS614333","MGYS00001609","metagenomic",,"ERR694194",
"MGYA00083318","3.0","ERS1370027","MGYS00001282","metagenomic",,"ERR1662369",
"MGYA00083219","3.0","ERS1370015","MGYS00001282","metagenomic",,"ERR1662420",
"MGYA00133909","3.0","ERS488929","MGYS00001918","metagenomic",,"ERR594363",
"MGYA00102612","3.0","SRS1043971","MGYS00001539","metagenomic",,"SRR2135775",
"MGYA00126332","3.0","SRS085665","MGYS00000355","metagenomic",,"SRR062135",
"MGYA00083128","3.0","ERS1370015","MGYS00001282","metagenomic",,"ERR1662418",
"MGYA00083388","3.0","ERS1370021","MGYS00001282","metagenomic",,"ERR1662509",
"MGYA00083111","3.0","ERS1370027","MGYS00001282","metagenomic",,"ERR1662376",
"MGYA00104161","3.0","ERS614331","MGYS00001609","metagenomic",,"ERR694164",
"MGYA00104179","3.0","ERS614325","MGYS00001609","metagenomic",,"ERR694202",
"MGYA00133853","3.0","ERS490388","MGYS00001918","metagenomic",,"ERR594407",
"MGYA00126426","3.0","SRS086233","MGYS00000355","metagenomic",,"SRR063386",
"MGYA00126340","3.0","SRS085725","MGYS00000355","metagenomic",,"SRR062198",
"MGYA00083353","3.0","ERS1370026","MGYS00001282","metagenomic",,"ERR1662339",
"MGYA00083289","3.0","ERS1372603","MGYS00001282","metagenomic",,"ERR1664670",
"MGYA00083502","3.0","ERS1370027","MGYS00001282","metagenomic",,"ERR1662347",
"MGYA00083258","3.0","ERS1370013","MGYS00001282","metagenomic",,"ERR1662186",
"MGYA00083137","3.0","ERS1370018","MGYS00001282","metagenomic",,"ERR1662230",
"MGYA00133875","3.0","ERS488448","MGYS00001918","metagenomic",,"ERR594378",
"MGYA00083278","3.0","ERS1370027","MGYS00001282","metagenomic",,"ERR1662373",
"MGYA00103972","3.0","ERS714917","MGYS00001608","metagenomic",,"ERR868052",
"MGYA00104151","3.0","ERS614327","MGYS00001609","metagenomic",,"ERR694125",
"MGYA00084053","3.0","ERS1418481","MGYS00001291","metagenomic",,"ERR1698989",
"MGYA00103313","3.0","ERS1568969","MGYS00000991","metagenomic",,"ERR1855284",
"MGYA00083397","3.0","ERS1372609","MGYS00001282","metagenomic",,"ERR1664712",
"MGYA00126455","3.0","SRS085778","MGYS00000355","metagenomic",,"SRR062255",
"MGYA00126393","3.0","SRS085717","MGYS00000355","metagenomic",,"SRR062190",
"MGYA00104080","3.0","ERS614325","MGYS00001609","metagenomic",,"ERR694203",
"MGYA00103343","3.0","ERS1568981","MGYS00000991","metagenomic",,"ERR1855270",
"MGYA00104079","3.0","ERS614329","MGYS00001609","metagenomic",,"ERR694130",
"MGYA00104078","3.0","ERS614329","MGYS00001609","metagenomic",,"ERR694142",
"MGYA00126443","3.0","SRS085763","MGYS00000355","metagenomic",,"SRR062240",
"MGYA00104123","3.0","ERS614329","MGYS00001609","metagenomic",,"ERR694133",
"MGYA00103337","3.0","ERS1568989","MGYS00000991","metagenomic",,"ERR1855290",
"MGYA00084052","3.0","ERS1418486","MGYS00001291","metagenomic",,"ERR1698992",
"MGYA00103322","3.0","ERS1568999","MGYS00000991","metagenomic",,"ERR1855262",
"MGYA00083150","3.0","ERS1370014","MGYS00001282","metagenomic",,"ERR1662401",
"MGYA00126408","3.0","SRS085733","MGYS00000355","metagenomic",,"SRR062206",
"MGYA00083253","3.0","ERS1370016","MGYS00001282","metagenomic",,"ERR1662444",
"MGYA00083227","3.0","ERS1370018","MGYS00001282","metagenomic",,"ERR1662208",
"MGYA00133924","3.0","ERS490648","MGYS00001918","metagenomic",,"ERR599370",
"MGYA00103986","3.0","ERS714918","MGYS00001608","metagenomic",,"ERR868106",
"MGYA00126351","3.0","SRS085790","MGYS00000355","metagenomic",,"SRR062275",
"MGYA00083316","3.0","ERS1370018","MGYS00001282","metagenomic",,"ERR1662215",
"MGYA00083148","3.0","ERS1372607","MGYS00001282","metagenomic",,"ERR1664702",
"MGYA00083153","3.0","ERS1370019","MGYS00001282","metagenomic",,"ERR1662238",
"MGYA00126392","3.0","SRS085691","MGYS00000355","metagenomic",,"SRR062164",
"MGYA00103996","3.0","ERS714917","MGYS00001608","metagenomic",,"ERR868041",
"MGYA00083503","3.0","ERS1372611","MGYS00001282","metagenomic",,"ERR1664721",
"MGYA00104130","3.0","ERS614327","MGYS00001609","metagenomic",,"ERR694111",
"MGYA00083109","3.0","ERS1370018","MGYS00001282","metagenomic",,"ERR1662214",
"MGYA00083274","3.0","ERS1370014","MGYS00001282","metagenomic",,"ERR1662409",
"MGYA00083202","3.0","ERS1370018","MGYS00001282","metagenomic",,"ERR1662221",
"MGYA00104112","3.0","ERS614331","MGYS00001609","metagenomic",,"ERR694156",
"MGYA00104085","3.0","ERS614327","MGYS00001609","metagenomic",,"ERR694120",
"MGYA00133867","3.0","ERS488673","MGYS00001918","metagenomic",,"ERR594368",
"MGYA00126395","3.0","SRS085682","MGYS00000355","metagenomic",,"SRR062155",
"MGYA00083165","3.0","ERS1370027","MGYS00001282","metagenomic",,"ERR1662391",
"MGYA00083391","3.0","ERS1372605","MGYS00001282","metagenomic",,"ERR1664686",
"MGYA00083176","3.0","ERS1370013","MGYS00001282","metagenomic",,"ERR1662185",
"MGYA00104211","3.0","ERS614333","MGYS00001609","metagenomic",,"ERR694190",
"MGYA00083284","3.0","ERS1370019","MGYS00001282","metagenomic",,"ERR1662234",
"MGYA00083311","3.0","ERS1370025","MGYS00001282","metagenomic",,"ERR1662292",
"MGYA00098670","3.0","ERS903626","MGYS00001488","metagenomic",,"ERR1055655",
"MGYA00096489","3.0","ERS1507288","MGYS00001432","metagenomic",,"ERR1801662",
"MGYA00083281","3.0","ERS1370026","MGYS00001282","metagenomic",,"ERR1662334",
"MGYA00083182","3.0","ERS1370017","MGYS00001282","metagenomic",,"ERR1662204",
"MGYA00134815","3.0","SRS981333","MGYS00001932","metagenomic",,"SRR2090059",
"MGYA00083229","3.0","ERS1370020","MGYS00001282","metagenomic",,"ERR1662487",
"MGYA00083134","3.0","ERS1370025","MGYS00001282","metagenomic",,"ERR1662295",
"MGYA00134822","3.0","SRS981294","MGYS00001932","metagenomic",,"SRR2090116",
"MGYA00100664","3.0","ERS1286107","MGYS00001512","metagenomic",,"ERR1560022",
"MGYA00083158","3.0","ERS1370027","MGYS00001282","metagenomic",,"ERR1662366",
"MGYA00098666","3.0","ERS903623","MGYS00001488","metagenomic",,"ERR1055652",
"MGYA00098665","3.0","ERS903636","MGYS00001488","metagenomic",,"ERR1055665",
"MGYA00103950","3.0","ERS714918","MGYS00001608","metagenomic",,"ERR868095",
"MGYA00100707","3.0","ERS1115621","MGYS00001519","metagenomic",,"ERR1358765",
"MGYA00083404","3.0","ERS1372604","MGYS00001282","metagenomic",,"ERR1664684",
"MGYA00102617","3.0","SRS1044018","MGYS00001539","metagenomic",,"SRR2135766",
"MGYA00083480","3.0","ERS1370025","MGYS00001282","metagenomic",,"ERR1662331",
"MGYA00102571","3.0","SRS1043981","MGYS00001539","metagenomic",,"SRR2135755",
"MGYA00083251","3.0","ERS1370020","MGYS00001282","metagenomic",,"ERR1662482",
"MGYA00083378","3.0","ERS1370021","MGYS00001282","metagenomic",,"ERR1662531",
"MGYA00083161","3.0","ERS1370020","MGYS00001282","metagenomic",,"ERR1662493",
"MGYA00083261","3.0","ERS1370020","MGYS00001282","metagenomic",,"ERR1662500",
"MGYA00083167","3.0","ERS1370020","MGYS00001282","metagenomic",,"ERR1662484",
"MGYA00098673","3.0","ERS903632","MGYS00001488","metagenomic",,"ERR1055661",
"MGYA00104113","3.0","ERS614333","MGYS00001609","metagenomic",,"ERR694184",
"MGYA00126397","3.0","SRS085723","MGYS00000355","metagenomic",,"SRR062196",
"MGYA00083351","3.0","ERS1372609","MGYS00001282","metagenomic",,"ERR1664713",
"MGYA00102596","3.0","SRS1044010","MGYS00001539","metagenomic",,"SRR2135685",
"MGYA00083408","3.0","ERS1370021","MGYS00001282","metagenomic",,"ERR1662511",
"MGYA00126367","3.0","SRS085692","MGYS00000355","metagenomic",,"SRR062165",
"MGYA00083452","3.0","ERS1370025","MGYS00001282","metagenomic",,"ERR1662307",
"MGYA00104146","3.0","ERS614331","MGYS00001609","metagenomic",,"ERR694168",
"MGYA00104100","3.0","ERS614329","MGYS00001609","metagenomic",,"ERR694141",
"MGYA00126458","3.0","SRS085662","MGYS00000355","metagenomic",,"SRR062131",
"MGYA00100632","3.0","ERS1286099","MGYS00001512","metagenomic",,"ERR1560014",
"MGYA00126470","3.0","SRS085672","MGYS00000355","metagenomic",,"SRR062145",
"MGYA00103335","3.0","ERS1568979","MGYS00000991","metagenomic",,"ERR1855273",
"MGYA00126385","3.0","SRS085746","MGYS00000355","metagenomic",,"SRR062221",
"MGYA00104098","3.0","ERS614327","MGYS00001609","metagenomic",,"ERR694113",
"MGYA00102615","3.0","SRS1043998","MGYS00001539","metagenomic",,"SRR2135728",
"MGYA00134818","3.0","SRS981283","MGYS00001932","metagenomic",,"SRR2090127",
"MGYA00083187","3.0","ERS1372607","MGYS00001282","metagenomic",,"ERR1664700",
"MGYA00100645","3.0","ERS1286110","MGYS00001512","metagenomic",,"ERR1560025",
"MGYA00126398","3.0","SRS085775","MGYS00000355","metagenomic",,"SRR062252",
"MGYA00133822","3.0","ERS492657","MGYS00001918","metagenomic",,"ERR599380",
"MGYA00100659","3.0","ERS1286201","MGYS00001512","metagenomic",,"ERR1560100",
"MGYA00103331","3.0","ERS1568973","MGYS00000991","metagenomic",,"ERR1855280",
"MGYA00100661","3.0","ERS1286100","MGYS00001512","metagenomic",,"ERR1560015",
"MGYA00098672","3.0","ERS903628","MGYS00001488","metagenomic",,"ERR1055657",
"MGYA00083171","3.0","ERS1370016","MGYS00001282","metagenomic",,"ERR1662455",
"MGYA00126424","3.0","SRS085736","MGYS00000355","metagenomic",,"SRR062209",
"MGYA00104109","3.0","ERS614333","MGYS00001609","metagenomic",,"ERR694193",
"MGYA00083415","3.0","ERS1370016","MGYS00001282","metagenomic",,"ERR1662450",
"MGYA00098671","3.0","ERS903639","MGYS00001488","metagenomic",,"ERR1055668",
"MGYA00104131","3.0","ERS614331","MGYS00001609","metagenomic",,"ERR694165",
"MGYA00083115","3.0","ERS1372603","MGYS00001282","metagenomic",,"ERR1664672",
"MGYA00126431","3.0","SRS085698","MGYS00000355","metagenomic",,"SRR062171",
"MGYA00100650","3.0","ERS1286734","MGYS00001512","metagenomic",,"ERR1560213",
"MGYA00126386","3.0","SRS085690","MGYS00000355","metagenomic",,"SRR062163",
"MGYA00102606","3.0","SRS1044013","MGYS00001539","metagenomic",,"SRR2135681",
"MGYA00083260","3.0","ERS1370020","MGYS00001282","metagenomic",,"ERR1662499",
"MGYA00083403","3.0","ERS1372611","MGYS00001282","metagenomic",,"ERR1664724",
"MGYA00104208","3.0","ERS614333","MGYS00001609","metagenomic",,"ERR694197",
"MGYA00126456","3.0","SRS085678","MGYS00000355","metagenomic",,"SRR062151",
"MGYA00126447","3.0","SRS085748","MGYS00000355","metagenomic",,"SRR062223",
"MGYA00083279","3.0","ERS1370021","MGYS00001282","metagenomic",,"ERR1662513",
"MGYA00126329","3.0","SRS085747","MGYS00000355","metagenomic",,"SRR062222",
"MGYA00103357","3.0","ERS1568967","MGYS00000991","metagenomic",,"ERR1855286",
"MGYA00096450","3.0","ERS1507288","MGYS00001432","metagenomic",,"ERR1801670",
"MGYA00098658","3.0","ERS903634","MGYS00001488","metagenomic",,"ERR1055663",
"MGYA00100643","3.0","ERS1286103","MGYS00001512","metagenomic",,"ERR1560018",
"MGYA00083190","3.0","ERS1370020","MGYS00001282","metagenomic",,"ERR1662474",
"MGYA00126357","3.0","SRS085671","MGYS00000355","metagenomic",,"SRR062144",
"MGYA00102619","3.0","SRS1044033","MGYS00001539","metagenomic",,"SRR2135712",
"MGYA00083493","3.0","ERS1370027","MGYS00001282","metagenomic",,"ERR1662379",
"MGYA00104121","3.0","ERS614333","MGYS00001609","metagenomic",,"ERR694188",
"MGYA00104212","3.0","ERS614329","MGYS00001609","metagenomic",,"ERR694149",
"MGYA00083458","3.0","ERS1370020","MGYS00001282","metagenomic",,"ERR1662483",
"MGYA00126444","3.0","SRS085737","MGYS00000355","metagenomic",,"SRR062210",
"MGYA00083343","3.0","ERS1370013","MGYS00001282","metagenomic",,"ERR1662195",
"MGYA00083116","3.0","ERS1370014","MGYS00001282","metagenomic",,"ERR1662412",
"MGYA00102626","3.0","SRS1044022","MGYS00001539","metagenomic",,"SRR2135758",
"MGYA00133904","3.0","ERS488737","MGYS00001918","metagenomic",,"ERR594369",
"MGYA00100743","3.0","ERS955807","MGYS00001522","metagenomic",,"ERR1111518",
"MGYA00103978","3.0","ERS714918","MGYS00001608","metagenomic",,"ERR868113",
"MGYA00100637","3.0","ERS1286104","MGYS00001512","metagenomic",,"ERR1560019",
"MGYA00083328","3.0","ERS1370024","MGYS00001282","metagenomic",,"ERR1662274",
"MGYA00083357","3.0","ERS1370018","MGYS00001282","metagenomic",,"ERR1662226",
"MGYA00133892","3.0","ERS490142","MGYS00001918","metagenomic",,"ERR594362",
"MGYA00083419","3.0","ERS1370021","MGYS00001282","metagenomic",,"ERR1662520",
"MGYA00098661","3.0","ERS903630","MGYS00001488","metagenomic",,"ERR1055659",
"MGYA00083346","3.0","ERS1370014","MGYS00001282","metagenomic",,"ERR1662407",
"MGYA00103342","3.0","ERS1568988","MGYS00000991","metagenomic",,"ERR1855291",
"MGYA00084048","3.0","ERS1418477","MGYS00001291","metagenomic",,"ERR1698986",
"MGYA00083104","3.0","ERS1370025","MGYS00001282","metagenomic",,"ERR1662300",
"MGYA00103367","3.0","ERS1568995","MGYS00000991","metagenomic",,"ERR1855249",
"MGYA00102572","3.0","SRS1043986","MGYS00001539","metagenomic",,"SRR2135749",
"MGYA00083344","3.0","ERS1370013","MGYS00001282","metagenomic",,"ERR1662192",
"MGYA00083326","3.0","ERS1372607","MGYS00001282","metagenomic",,"ERR1664704",
"MGYA00102580","3.0","SRS1043975","MGYS00001539","metagenomic",,"SRR2135764",
"MGYA00083506","3.0","ERS1370027","MGYS00001282","metagenomic",,"ERR1662361",
"MGYA00083147","3.0","ERS1370024","MGYS00001282","metagenomic",,"ERR1662278",
"MGYA00126383","3.0","SRS086232","MGYS00000355","metagenomic",,"SRR063385",
"MGYA00083185","3.0","ERS1370025","MGYS00001282","metagenomic",,"ERR1662306",
"MGYA00083498","3.0","ERS1370015","MGYS00001282","metagenomic",,"ERR1662441",
"MGYA00103955","3.0","ERS714917","MGYS00001608","metagenomic",,"ERR868042",
"MGYA00103353","3.0","ERS1568962","MGYS00000991","metagenomic",,"ERR1855289",
"MGYA00083411","3.0","ERS1370021","MGYS00001282","metagenomic",,"ERR1662528",
"MGYA00126402","3.0","SRS086236","MGYS00000355","metagenomic",,"SRR063389",
"MGYA00133821","3.0","ERS491897","MGYS00001918","metagenomic",,"ERR599359",
"MGYA00103953","3.0","ERS714918","MGYS00001608","metagenomic",,"ERR868099",
"MGYA00083336","3.0","ERS1370014","MGYS00001282","metagenomic",,"ERR1662399",
"MGYA00104157","3.0","ERS614327","MGYS00001609","metagenomic",,"ERR694122",
"MGYA00103954","3.0","ERS714917","MGYS00001608","metagenomic",,"ERR868039",
"MGYA00126460","3.0","SRS085729","MGYS00000355","metagenomic",,"SRR062202",
"MGYA00083354","3.0","ERS1370024","MGYS00001282","metagenomic",,"ERR1662289",
"MGYA00102566","3.0","SRS1043982","MGYS00001539","metagenomic",,"SRR2135754",
"MGYA00133845","3.0","ERS478030","MGYS00001918","metagenomic",,"ERR321018",
"MGYA00126372","3.0","SRS085661","MGYS00000355","metagenomic",,"SRR062130",
"MGYA00083206","3.0","ERS1372608","MGYS00001282","metagenomic",,"ERR1664709",
"MGYA00133856","3.0","ERS489148","MGYS00001918","metagenomic",,"ERR594413",
"MGYA00103974","3.0","ERS714918","MGYS00001608","metagenomic",,"ERR868105",
"MGYA00133829","3.0","ERS490053","MGYS00001918","metagenomic",,"ERR594361",
"MGYA00102576","3.0","SRS1043984","MGYS00001539","metagenomic",,"SRR2135752",
"MGYA00083338","3.0","ERS1370022","MGYS00001282","metagenomic",,"ERR1662248",
"MGYA00083329","3.0","ERS1370027","MGYS00001282","metagenomic",,"ERR1662358",
"MGYA00103966","3.0","ERS714918","MGYS00001608","metagenomic",,"ERR868096",
"MGYA00083459","3.0","ERS1370027","MGYS00001282","metagenomic",,"ERR1662343",
"MGYA00083188","3.0","ERS1370020","MGYS00001282","metagenomic",,"ERR1662498",
"MGYA00083247","3.0","ERS1370013","MGYS00001282","metagenomic",,"ERR1662198",
"MGYA00083368","3.0","ERS1370020","MGYS00001282","metagenomic",,"ERR1662468",
"MGYA00083250","3.0","ERS1370014","MGYS00001282","metagenomic",,"ERR1662393",
"MGYA00083181","3.0","ERS1370027","MGYS00001282","metagenomic",,"ERR1662354",
"MGYA00083406","3.0","ERS1370025","MGYS00001282","metagenomic",,"ERR1662301",
"MGYA00100640","3.0","ERS1286205","MGYS00001512","metagenomic",,"ERR1560104",
"MGYA00133901","3.0","ERS489059","MGYS00001918","metagenomic",,"ERR594384",
"MGYA00133919","3.0","ERS490900","MGYS00001918","metagenomic",,"ERR599384",
"MGYA00083321","3.0","ERS1372604","MGYS00001282","metagenomic",,"ERR1664676",
"MGYA00103344","3.0","ERS1568987","MGYS00000991","metagenomic",,"ERR1855283",
"MGYA00083331","3.0","ERS1370017","MGYS00001282","metagenomic",,"ERR1662206",
"MGYA00134764","3.0","SRS981312","MGYS00001932","metagenomic",,"SRR2090081",
"MGYA00083143","3.0","ERS1370021","MGYS00001282","metagenomic",,"ERR1662530",
"MGYA00083163","3.0","ERS1370020","MGYS00001282","metagenomic",,"ERR1662495",
"MGYA00096458","3.0","ERS1507288","MGYS00001432","metagenomic",,"ERR1801661",
"MGYA00083164","3.0","ERS1372608","MGYS00001282","metagenomic",,"ERR1664708",
"MGYA00096464","3.0","ERS1507288","MGYS00001432","metagenomic",,"ERR1801665",
"MGYA00133859","3.0","ERS478052","MGYS00001918","metagenomic",,"ERR594405",
"MGYA00133896","3.0","ERS488929","MGYS00001918","metagenomic",,"ERR594397",
"MGYA00083460","3.0","ERS1370025","MGYS00001282","metagenomic",,"ERR1662297",
"MGYA00102595","3.0","SRS1044032","MGYS00001539","metagenomic",,"SRR2135716",
"MGYA00102577","3.0","SRS1044002","MGYS00001539","metagenomic",,"SRR2135723",
"MGYA00083294","3.0","ERS1370016","MGYS00001282","metagenomic",,"ERR1662463",
"MGYA00133891","3.0","ERS488673","MGYS00001918","metagenomic",,"ERR594370",
"MGYA00102592","3.0","SRS1044021","MGYS00001539","metagenomic",,"SRR2135760",
"MGYA00084045","3.0","ERS1418476","MGYS00001291","metagenomic",,"ERR1698985",
"MGYA00103314","3.0","ERS1568994","MGYS00000991","metagenomic",,"ERR1855248",
"MGYA00083286","3.0","ERS1370023","MGYS00001282","metagenomic",,"ERR1662265",
"MGYA00133854","3.0","ERS489724","MGYS00001918","metagenomic",,"ERR599376",
"MGYA00133819","3.0","ERS491016","MGYS00001918","metagenomic",,"ERR599352",
"MGYA00083418","3.0","ERS1370020","MGYS00001282","metagenomic",,"ERR1662480",
"MGYA00083191","3.0","ERS1370013","MGYS00001282","metagenomic",,"ERR1662189",
"MGYA00134809","3.0","SRS981323","MGYS00001932","metagenomic",,"SRR2090070",
"MGYA00126350","3.0","SRS085782","MGYS00000355","metagenomic",,"SRR062260",
"MGYA00133855","3.0","ERS488813","MGYS00001918","metagenomic",,"ERR594374",
"MGYA00126407","3.0","SRS085770","MGYS00000355","metagenomic",,"SRR062247",
"MGYA00083292","3.0","ERS1370019","MGYS00001282","metagenomic",,"ERR1662237",
"MGYA00083485","3.0","ERS1372606","MGYS00001282","metagenomic",,"ERR1664696",
"MGYA00083487","3.0","ERS1370016","MGYS00001282","metagenomic",,"ERR1662445",
"MGYA00133915","3.0","ERS492198","MGYS00001918","metagenomic",,"ERR594381",
"MGYA00083489","3.0","ERS1370014","MGYS00001282","metagenomic",,"ERR1662406",
"MGYA00103363","3.0","ERS1568976","MGYS00000991","metagenomic",,"ERR1855276",
"MGYA00083240","3.0","ERS1370027","MGYS00001282","metagenomic",,"ERR1662349",
"MGYA00083405","3.0","ERS1370022","MGYS00001282","metagenomic",,"ERR1662253",
"MGYA00083138","3.0","ERS1370013","MGYS00001282","metagenomic",,"ERR1662187",
"MGYA00134824","3.0","SRS981308","MGYS00001932","metagenomic",,"SRR2090085",
"MGYA00126414","3.0","SRS085714","MGYS00000355","metagenomic",,"SRR062187",
"MGYA00134789","3.0","SRS981284","MGYS00001932","metagenomic",,"SRR2090126",
"MGYA00083180","3.0","ERS1372611","MGYS00001282","metagenomic",,"ERR1664723",
"MGYA00083099","3.0","ERS1370025","MGYS00001282","metagenomic",,"ERR1662294",
"MGYA00104165","3.0","ERS614329","MGYS00001609","metagenomic",,"ERR694131",
"MGYA00102590","3.0","SRS1044028","MGYS00001539","metagenomic",,"SRR2135722",
"MGYA00083469","3.0","ERS1370016","MGYS00001282","metagenomic",,"ERR1662461",
"MGYA00133857","3.0","ERS493803","MGYS00001918","metagenomic",,"ERR599345",
"MGYA00083440","3.0","ERS1370025","MGYS00001282","metagenomic",,"ERR1662322",
"MGYA00103990","3.0","ERS714917","MGYS00001608","metagenomic",,"ERR868035",
"MGYA00126338","3.0","SRS085724","MGYS00000355","metagenomic",,"SRR062197",
"MGYA00102589","3.0","SRS1043969","MGYS00001539","metagenomic",,"SRR2135738",
"MGYA00104154","3.0","ERS614327","MGYS00001609","metagenomic",,"ERR694116",
"MGYA00096465","3.0","ERS1507287","MGYS00001432","metagenomic",,"ERR1801632",
"MGYA00133878","3.0","ERS490610","MGYS00001918","metagenomic",,"ERR594355",
"MGYA00083122","3.0","ERS1370018","MGYS00001282","metagenomic",,"ERR1662223",
"MGYA00100638","3.0","ERS1286105","MGYS00001512","metagenomic",,"ERR1560020",
"MGYA00104167","3.0","ERS614331","MGYS00001609","metagenomic",,"ERR694159",
"MGYA00083339","3.0","ERS1370020","MGYS00001282","metagenomic",,"ERR1662490",
"MGYA00096488","3.0","ERS1507288","MGYS00001432","metagenomic",,"ERR1801673",
"MGYA00083263","3.0","ERS1372611","MGYS00001282","metagenomic",,"ERR1664722",
"MGYA00083486","3.0","ERS1370024","MGYS00001282","metagenomic",,"ERR1662281",
"MGYA00083249","3.0","ERS1370020","MGYS00001282","metagenomic",,"ERR1662477",
"MGYA00083282","3.0","ERS1370025","MGYS00001282","metagenomic",,"ERR1662304",
"MGYA00083363","3.0","ERS1370024","MGYS00001282","metagenomic",,"ERR1662285",
"MGYA00102620","3.0","SRS1043979","MGYS00001539","metagenomic",,"SRR2135757",
"MGYA00126419","3.0","SRS085716","MGYS00000355","metagenomic",,"SRR062189",
"MGYA00102555","3.0","SRS1044015","MGYS00001539","metagenomic",,"SRR2135740",
"MGYA00103326","3.0","ERS1568997","MGYS00000991","metagenomic",,"ERR1855263",
"MGYA00126412","3.0","SRS085688","MGYS00000355","metagenomic",,"SRR062161",
"MGYA00133843","3.0","ERS492160","MGYS00001918","metagenomic",,"ERR594412",
"MGYA00083427","3.0","ERS1370015","MGYS00001282","metagenomic",,"ERR1662442",
"MGYA00126352","3.0","SRS085758","MGYS00000355","metagenomic",,"SRR062235",
"MGYA00096437","3.0","ERS1497412","MGYS00001430","metagenomic",,"ERR1777681",
"MGYA00103332","3.0","ERS1568991","MGYS00000991","metagenomic",,"ERR1855272",
"MGYA00083461","3.0","ERS1370027","MGYS00001282","metagenomic",,"ERR1662364",
"MGYA00126418","3.0","SRS085708","MGYS00000355","metagenomic",,"SRR062181",
"MGYA00104108","3.0","ERS614329","MGYS00001609","metagenomic",,"ERR694151",
"MGYA00126401","3.0","SRS085732","MGYS00000355","metagenomic",,"SRR062205",
"MGYA00083217","3.0","ERS1370015","MGYS00001282","metagenomic",,"ERR1662431",
"MGYA00133823","3.0","ERS477992","MGYS00001918","metagenomic",,"ERR321017",
"MGYA00133913","3.0","ERS490953","MGYS00001918","metagenomic",,"ERR594409",
"MGYA00100655","3.0","ERS1286195","MGYS00001512","metagenomic",,"ERR1560094",
"MGYA00104090","3.0","ERS614331","MGYS00001609","metagenomic",,"ERR694155",
"MGYA00131521","3.0","SRS172669","MGYS00001836","metagenomic",,"SRR107107",
"MGYA00083304","3.0","ERS1370020","MGYS00001282","metagenomic",,"ERR1662478",
"MGYA00104117","3.0","ERS614327","MGYS00001609","metagenomic",,"ERR694115",
"MGYA00103345","3.0","ERS1176155","MGYS00000991","metagenomic",,"ERR1424907",
"MGYA00083335","3.0","ERS1370025","MGYS00001282","metagenomic",,"ERR1662293",
"MGYA00133903","3.0","ERS488253","MGYS00001918","metagenomic",,"ERR599383",
"MGYA00083221","3.0","ERS1370018","MGYS00001282","metagenomic",,"ERR1662216",
"MGYA00083445","3.0","ERS1370025","MGYS00001282","metagenomic",,"ERR1662314",
"MGYA00134816","3.0","SRS981277","MGYS00001932","metagenomic",,"SRR2090062",
"MGYA00083479","3.0","ERS1370027","MGYS00001282","metagenomic",,"ERR1662352",
"MGYA00102623","3.0","SRS1043992","MGYS00001539","metagenomic",,"SRR2135735",
"MGYA00103967","3.0","ERS714918","MGYS00001608","metagenomic",,"ERR868107",
"MGYA00083465","3.0","ERS1372604","MGYS00001282","metagenomic",,"ERR1664685",
"MGYA00102613","3.0","SRS1044007","MGYS00001539","metagenomic",,"SRR2135713",
"MGYA00083155","3.0","ERS1370016","MGYS00001282","metagenomic",,"ERR1662446",
"MGYA00133818","3.0","ERS490285","MGYS00001918","metagenomic",,"ERR594391",
"MGYA00104190","3.0","ERS614329","MGYS00001609","metagenomic",,"ERR694138",
"MGYA00133837","3.0","ERS490704","MGYS00001918","metagenomic",,"ERR599374",
"MGYA00126353","3.0","SRS085666","MGYS00000355","metagenomic",,"SRR062139",